studyid,intid,spp,year,species,phenovalue,int_type
EMW001,1,spp1,1951,Acartia tonsa,154.875,predation
EMW001,1,spp1,1972,Acartia tonsa,176,predation
EMW001,1,spp1,1973,Acartia tonsa,173.083,predation
EMW001,1,spp1,1976,Acartia tonsa,178.875,predation
EMW001,1,spp1,1981,Acartia tonsa,187.458,predation
EMW001,1,spp1,1982,Acartia tonsa,172.125,predation
EMW001,1,spp1,1983,Acartia tonsa,177.875,predation
EMW001,1,spp1,2001,Acartia tonsa,176.917,predation
EMW001,1,spp1,2002,Acartia tonsa,169.25,predation
EMW001,1,spp1,2003,Acartia tonsa,180.75,predation
HMK004,19,spp1,1982,Quercus spp.,99.6054,herbivory
HMK004,19,spp1,1983,Quercus spp.,92.7749,herbivory
HMK004,19,spp1,1984,Quercus spp.,100.0908,herbivory
HMK004,19,spp1,1985,Quercus spp.,107.67,herbivory
HMK004,19,spp1,1986,Quercus spp.,92.4126,herbivory
HMK004,19,spp1,1987,Quercus spp.,115.786,herbivory
HMK004,19,spp1,1988,Quercus spp.,95.9811,herbivory
HMK006,36,spp1,1996,Gnathotrichus materiarius,132,predation
HMK006,36,spp1,1997,Gnathotrichus materiarius,143,predation
HMK006,35,spp1,1996,Gnathotrichus materiarius,132,predation
HMK006,35,spp1,1997,Gnathotrichus materiarius,143,predation
HMK006,34,spp1,1996,Gnathotrichus materiarius,132,predation
HMK006,34,spp1,1997,Gnathotrichus materiarius,143,predation
HMK006,37,spp1,1996,Gnathotrichus materiarius,132,predation
HMK006,37,spp1,1997,Gnathotrichus materiarius,143,predation
HMK006,38,spp1,1996,Gnathotrichus materiarius,132,predation
HMK006,38,spp1,1997,Gnathotrichus materiarius,143,predation
HMK006,39,spp1,1996,Gnathotrichus materiarius,132,predation
HMK006,39,spp1,1997,Gnathotrichus materiarius,143,predation
HMK006,111,spp1,1996,Gnathotrichus materiarius,132,competition
HMK006,111,spp1,1997,Gnathotrichus materiarius,143,competition
HMK006,108,spp1,1996,Gnathotrichus materiarius,132,competition
HMK006,108,spp1,1997,Gnathotrichus materiarius,143,competition
HMK006,109,spp1,1996,Gnathotrichus materiarius,132,competition
HMK006,109,spp1,1997,Gnathotrichus materiarius,143,competition
HMK006,110,spp1,1996,Gnathotrichus materiarius,132,competition
HMK006,110,spp1,1997,Gnathotrichus materiarius,143,competition
HMK006,112,spp1,1996,Gnathotrichus materiarius,132,competition
HMK006,112,spp1,1997,Gnathotrichus materiarius,143,competition
HMK006,113,spp1,1996,Gnathotrichus materiarius,132,competition
HMK006,113,spp1,1997,Gnathotrichus materiarius,143,competition
HMK006,114,spp1,1996,Gnathotrichus materiarius,132,competition
HMK006,114,spp1,1997,Gnathotrichus materiarius,143,competition
HMK006,107,spp1,1996,Gnathotrichus materiarius,132,competition
HMK006,107,spp1,1997,Gnathotrichus materiarius,143,competition
HMK006,22,spp1,1996,Dendroctonus valens,139.5,predation
HMK006,22,spp1,1997,Dendroctonus valens,150,predation
HMK006,23,spp1,1996,Dendroctonus valens,139.5,predation
HMK006,23,spp1,1997,Dendroctonus valens,150,predation
HMK006,24,spp1,1996,Dendroctonus valens,139.5,predation
HMK006,24,spp1,1997,Dendroctonus valens,150,predation
HMK006,25,spp1,1996,Dendroctonus valens,139.5,predation
HMK006,25,spp1,1997,Dendroctonus valens,150,predation
HMK006,26,spp1,1996,Dendroctonus valens,139.5,predation
HMK006,26,spp1,1997,Dendroctonus valens,150,predation
HMK006,88,spp1,1996,Dendroctonus valens,139.5,competition
HMK006,88,spp1,1997,Dendroctonus valens,150,competition
HMK006,89,spp1,1996,Dendroctonus valens,139.5,competition
HMK006,89,spp1,1997,Dendroctonus valens,150,competition
HMK006,90,spp1,1996,Dendroctonus valens,139.5,competition
HMK006,90,spp1,1997,Dendroctonus valens,150,competition
HMK006,91,spp1,1996,Dendroctonus valens,139.5,competition
HMK006,91,spp1,1997,Dendroctonus valens,150,competition
HMK006,92,spp1,1996,Dendroctonus valens,139.5,competition
HMK006,92,spp1,1997,Dendroctonus valens,150,competition
HMK006,93,spp1,1996,Dendroctonus valens,139.5,competition
HMK006,93,spp1,1997,Dendroctonus valens,150,competition
HMK006,95,spp1,1996,Dendroctonus valens,139.5,competition
HMK006,95,spp1,1997,Dendroctonus valens,150,competition
HMK006,27,spp1,1996,Dendroctonus valens,139.5,predation
HMK006,27,spp1,1997,Dendroctonus valens,150,predation
HMK006,94,spp1,1996,Dendroctonus valens,139.5,competition
HMK006,94,spp1,1997,Dendroctonus valens,150,competition
HMK006,96,spp1,1996,Dendroctonus valens,139.5,competition
HMK006,96,spp1,1997,Dendroctonus valens,150,competition
HMK006,97,spp1,1996,Dendroctonus valens,139.5,competition
HMK006,97,spp1,1997,Dendroctonus valens,150,competition
HMK006,40,spp1,1996,Hylastes porculus,141,predation
HMK006,40,spp1,1997,Hylastes porculus,155.5,predation
HMK006,42,spp1,1996,Hylastes porculus,141,predation
HMK006,42,spp1,1997,Hylastes porculus,155.5,predation
HMK006,43,spp1,1996,Hylastes porculus,141,predation
HMK006,43,spp1,1997,Hylastes porculus,155.5,predation
HMK006,44,spp1,1996,Hylastes porculus,141,predation
HMK006,44,spp1,1997,Hylastes porculus,155.5,predation
HMK006,45,spp1,1996,Hylastes porculus,141,predation
HMK006,45,spp1,1997,Hylastes porculus,155.5,predation
HMK006,41,spp1,1996,Hylastes porculus,141,predation
HMK006,41,spp1,1997,Hylastes porculus,155.5,predation
HMK006,115,spp1,1996,Hylastes porculus,141,competition
HMK006,115,spp1,1997,Hylastes porculus,155.5,competition
HMK006,116,spp1,1996,Hylastes porculus,141,competition
HMK006,116,spp1,1997,Hylastes porculus,155.5,competition
HMK006,120,spp1,1996,Hylastes porculus,141,competition
HMK006,120,spp1,1997,Hylastes porculus,155.5,competition
HMK006,121,spp1,1996,Hylastes porculus,141,competition
HMK006,121,spp1,1997,Hylastes porculus,155.5,competition
HMK006,117,spp1,1996,Hylastes porculus,141,competition
HMK006,117,spp1,1997,Hylastes porculus,155.5,competition
HMK006,118,spp1,1996,Hylastes porculus,141,competition
HMK006,118,spp1,1997,Hylastes porculus,155.5,competition
HMK006,119,spp1,1996,Hylastes porculus,141,competition
HMK006,119,spp1,1997,Hylastes porculus,155.5,competition
HMK006,48,spp1,1996,Hylurgops rugipennis pinifex,139,predation
HMK006,48,spp1,1997,Hylurgops rugipennis pinifex,127,predation
HMK006,49,spp1,1996,Hylurgops rugipennis pinifex,139,predation
HMK006,49,spp1,1997,Hylurgops rugipennis pinifex,127,predation
HMK006,50,spp1,1996,Hylurgops rugipennis pinifex,139,predation
HMK006,50,spp1,1997,Hylurgops rugipennis pinifex,127,predation
HMK006,51,spp1,1996,Hylurgops rugipennis pinifex,139,predation
HMK006,51,spp1,1997,Hylurgops rugipennis pinifex,127,predation
HMK006,47,spp1,1996,Hylurgops rugipennis pinifex,139,predation
HMK006,47,spp1,1997,Hylurgops rugipennis pinifex,127,predation
HMK006,46,spp1,1996,Hylurgops rugipennis pinifex,139,predation
HMK006,46,spp1,1997,Hylurgops rugipennis pinifex,127,predation
HMK006,122,spp1,1996,Hylurgops rugipennis pinifex,139,competition
HMK006,122,spp1,1997,Hylurgops rugipennis pinifex,127,competition
HMK006,123,spp1,1996,Hylurgops rugipennis pinifex,139,competition
HMK006,123,spp1,1997,Hylurgops rugipennis pinifex,127,competition
HMK006,124,spp1,1996,Hylurgops rugipennis pinifex,139,competition
HMK006,124,spp1,1997,Hylurgops rugipennis pinifex,127,competition
HMK006,125,spp1,1996,Hylurgops rugipennis pinifex,139,competition
HMK006,125,spp1,1997,Hylurgops rugipennis pinifex,127,competition
HMK006,127,spp1,1996,Hylurgops rugipennis pinifex,139,competition
HMK006,127,spp1,1997,Hylurgops rugipennis pinifex,127,competition
HMK006,126,spp1,1996,Hylurgops rugipennis pinifex,139,competition
HMK006,126,spp1,1997,Hylurgops rugipennis pinifex,127,competition
HMK006,52,spp1,1996,Ips grandicollis,139,predation
HMK006,52,spp1,1997,Ips grandicollis,149,predation
HMK006,53,spp1,1996,Ips grandicollis,139,predation
HMK006,53,spp1,1997,Ips grandicollis,149,predation
HMK006,55,spp1,1996,Ips grandicollis,139,predation
HMK006,55,spp1,1997,Ips grandicollis,149,predation
HMK006,54,spp1,1996,Ips grandicollis,139,predation
HMK006,54,spp1,1997,Ips grandicollis,149,predation
HMK006,56,spp1,1996,Ips grandicollis,139,predation
HMK006,56,spp1,1997,Ips grandicollis,149,predation
HMK006,57,spp1,1996,Ips grandicollis,139,predation
HMK006,57,spp1,1997,Ips grandicollis,149,predation
HMK006,128,spp1,1996,Ips grandicollis,139,competition
HMK006,128,spp1,1997,Ips grandicollis,149,competition
HMK006,129,spp1,1996,Ips grandicollis,139,competition
HMK006,129,spp1,1997,Ips grandicollis,149,competition
HMK006,130,spp1,1996,Ips grandicollis,139,competition
HMK006,130,spp1,1997,Ips grandicollis,149,competition
HMK006,131,spp1,1996,Ips grandicollis,139,competition
HMK006,131,spp1,1997,Ips grandicollis,149,competition
HMK006,132,spp1,1996,Ips grandicollis,139,competition
HMK006,132,spp1,1997,Ips grandicollis,149,competition
HMK006,61,spp1,1996,Ips pini,134,predation
HMK006,61,spp1,1997,Ips pini,127,predation
HMK006,62,spp1,1996,Ips pini,134,predation
HMK006,62,spp1,1997,Ips pini,127,predation
HMK006,63,spp1,1996,Ips pini,134,predation
HMK006,63,spp1,1997,Ips pini,127,predation
HMK006,58,spp1,1996,Ips pini,134,predation
HMK006,58,spp1,1997,Ips pini,127,predation
HMK006,59,spp1,1996,Ips pini,134,predation
HMK006,59,spp1,1997,Ips pini,127,predation
HMK006,60,spp1,1996,Ips pini,134,predation
HMK006,60,spp1,1997,Ips pini,127,predation
HMK006,133,spp1,1996,Ips pini,134,competition
HMK006,133,spp1,1997,Ips pini,127,competition
HMK006,135,spp1,1996,Ips pini,134,competition
HMK006,135,spp1,1997,Ips pini,127,competition
HMK006,136,spp1,1996,Ips pini,134,competition
HMK006,136,spp1,1997,Ips pini,127,competition
HMK006,134,spp1,1996,Ips pini,134,competition
HMK006,134,spp1,1997,Ips pini,127,competition
HMK006,64,spp1,1996,Monochamus spp.,186.5,predation
HMK006,64,spp1,1997,Monochamus spp.,176.5,predation
HMK006,65,spp1,1996,Monochamus spp.,186.5,predation
HMK006,65,spp1,1997,Monochamus spp.,176.5,predation
HMK006,66,spp1,1996,Monochamus spp.,186.5,predation
HMK006,66,spp1,1997,Monochamus spp.,176.5,predation
HMK006,68,spp1,1996,Monochamus spp.,186.5,predation
HMK006,68,spp1,1997,Monochamus spp.,176.5,predation
HMK006,69,spp1,1996,Monochamus spp.,186.5,predation
HMK006,69,spp1,1997,Monochamus spp.,176.5,predation
HMK006,67,spp1,1996,Monochamus spp.,186.5,predation
HMK006,67,spp1,1997,Monochamus spp.,176.5,predation
HMK006,137,spp1,1996,Monochamus spp.,186.5,competition
HMK006,137,spp1,1997,Monochamus spp.,176.5,competition
HMK006,139,spp1,1996,Monochamus spp.,186.5,competition
HMK006,139,spp1,1997,Monochamus spp.,176.5,competition
HMK006,138,spp1,1996,Monochamus spp.,186.5,competition
HMK006,138,spp1,1997,Monochamus spp.,176.5,competition
HMK006,28,spp1,1996,Dryocetes autographus,140,predation
HMK006,28,spp1,1997,Dryocetes autographus,156,predation
HMK006,29,spp1,1996,Dryocetes autographus,140,predation
HMK006,29,spp1,1997,Dryocetes autographus,156,predation
HMK006,30,spp1,1996,Dryocetes autographus,140,predation
HMK006,30,spp1,1997,Dryocetes autographus,156,predation
HMK006,31,spp1,1996,Dryocetes autographus,140,predation
HMK006,31,spp1,1997,Dryocetes autographus,156,predation
HMK006,32,spp1,1996,Dryocetes autographus,140,predation
HMK006,32,spp1,1997,Dryocetes autographus,156,predation
HMK006,33,spp1,1996,Dryocetes autographus,140,predation
HMK006,33,spp1,1997,Dryocetes autographus,156,predation
HMK006,101,spp1,1996,Dryocetes autographus,140,competition
HMK006,101,spp1,1997,Dryocetes autographus,156,competition
HMK006,102,spp1,1996,Dryocetes autographus,140,competition
HMK006,102,spp1,1997,Dryocetes autographus,156,competition
HMK006,103,spp1,1996,Dryocetes autographus,140,competition
HMK006,103,spp1,1997,Dryocetes autographus,156,competition
HMK006,104,spp1,1996,Dryocetes autographus,140,competition
HMK006,104,spp1,1997,Dryocetes autographus,156,competition
HMK006,105,spp1,1996,Dryocetes autographus,140,competition
HMK006,105,spp1,1997,Dryocetes autographus,156,competition
HMK006,106,spp1,1996,Dryocetes autographus,140,competition
HMK006,106,spp1,1997,Dryocetes autographus,156,competition
HMK006,98,spp1,1996,Dryocetes autographus,140,competition
HMK006,98,spp1,1997,Dryocetes autographus,156,competition
HMK006,99,spp1,1996,Dryocetes autographus,140,competition
HMK006,99,spp1,1997,Dryocetes autographus,156,competition
HMK006,100,spp1,1996,Dryocetes autographus,140,competition
HMK006,100,spp1,1997,Dryocetes autographus,156,competition
HMK006,75,spp1,1996,Orthotomicus caelatus,139,predation
HMK006,75,spp1,1997,Orthotomicus caelatus,154,predation
HMK006,70,spp1,1996,Orthotomicus caelatus,139,predation
HMK006,70,spp1,1997,Orthotomicus caelatus,154,predation
HMK006,71,spp1,1996,Orthotomicus caelatus,139,predation
HMK006,71,spp1,1997,Orthotomicus caelatus,154,predation
HMK006,72,spp1,1996,Orthotomicus caelatus,139,predation
HMK006,72,spp1,1997,Orthotomicus caelatus,154,predation
HMK006,73,spp1,1996,Orthotomicus caelatus,139,predation
HMK006,73,spp1,1997,Orthotomicus caelatus,154,predation
HMK006,74,spp1,1996,Orthotomicus caelatus,139,predation
HMK006,74,spp1,1997,Orthotomicus caelatus,154,predation
HMK006,141,spp1,1996,Orthotomicus caelatus,139,competition
HMK006,141,spp1,1997,Orthotomicus caelatus,154,competition
HMK006,140,spp1,1996,Orthotomicus caelatus,139,competition
HMK006,140,spp1,1997,Orthotomicus caelatus,154,competition
HMK006,76,spp1,1996,Pissodes approximatus,118.5,predation
HMK006,76,spp1,1997,Pissodes approximatus,94,predation
HMK006,80,spp1,1996,Pissodes approximatus,118.5,predation
HMK006,80,spp1,1997,Pissodes approximatus,94,predation
HMK006,81,spp1,1996,Pissodes approximatus,118.5,predation
HMK006,81,spp1,1997,Pissodes approximatus,94,predation
HMK006,77,spp1,1996,Pissodes approximatus,118.5,predation
HMK006,77,spp1,1997,Pissodes approximatus,94,predation
HMK006,78,spp1,1996,Pissodes approximatus,118.5,predation
HMK006,78,spp1,1997,Pissodes approximatus,94,predation
HMK006,79,spp1,1996,Pissodes approximatus,118.5,predation
HMK006,79,spp1,1997,Pissodes approximatus,94,predation
HMK006,142,spp1,1996,Pissodes approximatus,118.5,competition
HMK006,142,spp1,1997,Pissodes approximatus,94,competition
HMK006,82,spp1,1996,Tomicus piniperda,88.5,predation
HMK006,82,spp1,1997,Tomicus piniperda,80.5,predation
HMK006,83,spp1,1996,Tomicus piniperda,88.5,predation
HMK006,83,spp1,1997,Tomicus piniperda,80.5,predation
HMK006,84,spp1,1996,Tomicus piniperda,88.5,predation
HMK006,84,spp1,1997,Tomicus piniperda,80.5,predation
HMK006,85,spp1,1996,Tomicus piniperda,88.5,predation
HMK006,85,spp1,1997,Tomicus piniperda,80.5,predation
HMK006,87,spp1,1996,Tomicus piniperda,88.5,predation
HMK006,87,spp1,1997,Tomicus piniperda,80.5,predation
HMK006,86,spp1,1996,Tomicus piniperda,88.5,predation
HMK006,86,spp1,1997,Tomicus piniperda,80.5,predation
HMK007,143,spp1,1983,Saxifraga reflexa,133,competition
HMK007,143,spp1,1985,Saxifraga reflexa,144,competition
HMK007,143,spp1,1986,Saxifraga reflexa,142,competition
HMK008,144,spp1,1984,Castilleja tenuiflora,105.7056,poll
HMK008,144,spp1,1985,Castilleja tenuiflora,124.386,poll
HMK008,144,spp1,1986,Castilleja tenuiflora,81.53372,poll
HMK008,144,spp1,1987,Castilleja tenuiflora,110.7054,poll
HMK008,144,spp1,1988,Castilleja tenuiflora,109.9014,poll
HMK008,144,spp1,1989,Castilleja tenuiflora,125.3521,poll
HMK008,144,spp1,1991,Castilleja tenuiflora,110.7233,poll
HMK008,144,spp1,1992,Castilleja tenuiflora,116.1188,poll
HMK008,144,spp1,1993,Castilleja tenuiflora,117.1447,poll
HMK008,144,spp1,1994,Castilleja tenuiflora,87.76914,poll
HMK008,144,spp1,1995,Castilleja tenuiflora,97.9382,poll
HMK008,144,spp1,1997,Castilleja tenuiflora,130.9093,poll
HMK008,144,spp1,1999,Castilleja tenuiflora,143.1043,poll
HMK008,144,spp1,2001,Castilleja tenuiflora,124.7273,poll
HMK008,144,spp1,2003,Castilleja tenuiflora,102.1519,poll
HMK008,144,spp1,2007,Castilleja tenuiflora,114.1644,poll
HMK008,144,spp1,2008,Castilleja tenuiflora,106.7565,poll
HMK008,144,spp1,2009,Castilleja tenuiflora,111.4213,poll
HMK008,144,spp1,2010,Castilleja tenuiflora,109.1358,poll
HMK008,145,spp1,1975,Delphinium nuttallianum,170.8556,poll
HMK008,145,spp1,1977,Delphinium nuttallianum,156.4171,poll
HMK008,145,spp1,1979,Delphinium nuttallianum,163.5027,poll
HMK008,145,spp1,1980,Delphinium nuttallianum,166.0428,poll
HMK008,145,spp1,1981,Delphinium nuttallianum,151.8075,poll
HMK008,145,spp1,1982,Delphinium nuttallianum,159.2941,poll
HMK008,145,spp1,1983,Delphinium nuttallianum,170.9893,poll
HMK008,145,spp1,1984,Delphinium nuttallianum,169.385,poll
HMK008,145,spp1,1985,Delphinium nuttallianum,155.8182,poll
HMK008,145,spp1,1986,Delphinium nuttallianum,151.8075,poll
HMK008,145,spp1,1987,Delphinium nuttallianum,152.8075,poll
HMK008,145,spp1,1988,Delphinium nuttallianum,151.738,poll
HMK008,145,spp1,1989,Delphinium nuttallianum,148.4652,poll
HMK008,145,spp1,1991,Delphinium nuttallianum,160.8289,poll
HMK008,145,spp1,1993,Delphinium nuttallianum,169.5882,poll
HMK008,145,spp1,1995,Delphinium nuttallianum,177.0053,poll
HMK008,145,spp1,1996,Delphinium nuttallianum,155.8824,poll
HMK008,145,spp1,1997,Delphinium nuttallianum,153.6791,poll
HMK008,145,spp1,1998,Delphinium nuttallianum,146.3262,poll
HMK008,145,spp1,1999,Delphinium nuttallianum,160.0267,poll
HMK008,145,spp1,2000,Delphinium nuttallianum,150,poll
HMK008,145,spp1,2001,Delphinium nuttallianum,152.3422,poll
HMK008,145,spp1,2002,Delphinium nuttallianum,137.5027,poll
HMK008,145,spp1,2003,Delphinium nuttallianum,150,poll
HMK008,145,spp1,2004,Delphinium nuttallianum,136.9679,poll
HMK008,145,spp1,2005,Delphinium nuttallianum,149.8021,poll
HMK008,145,spp1,2006,Delphinium nuttallianum,141.5134,poll
HMK008,145,spp1,2007,Delphinium nuttallianum,138.5027,poll
HMK008,145,spp1,2008,Delphinium nuttallianum,163.9037,poll
HMK008,145,spp1,2009,Delphinium nuttallianum,147.3957,poll
HMK008,145,spp1,2010,Delphinium nuttallianum,150.4706,poll
HMK008,146,spp1,1975,Erythronium grandiflorum,159.6556,poll
HMK008,146,spp1,1977,Erythronium grandiflorum,156.4232,poll
HMK008,146,spp1,1979,Erythronium grandiflorum,157.6076,poll
HMK008,146,spp1,1980,Erythronium grandiflorum,160.4089,poll
HMK008,146,spp1,1981,Erythronium grandiflorum,139.7202,poll
HMK008,146,spp1,1983,Erythronium grandiflorum,161.5833,poll
HMK008,146,spp1,1984,Erythronium grandiflorum,161.1712,poll
HMK008,146,spp1,1986,Erythronium grandiflorum,149.8429,poll
HMK008,146,spp1,1987,Erythronium grandiflorum,135.0378,poll
HMK008,146,spp1,1988,Erythronium grandiflorum,141.1858,poll
HMK008,146,spp1,1989,Erythronium grandiflorum,139.9067,poll
HMK008,146,spp1,1991,Erythronium grandiflorum,150.7944,poll
HMK008,146,spp1,1993,Erythronium grandiflorum,157.8061,poll
HMK008,146,spp1,1995,Erythronium grandiflorum,169.6281,poll
HMK008,146,spp1,1996,Erythronium grandiflorum,145.7895,poll
HMK008,146,spp1,1997,Erythronium grandiflorum,151.3391,poll
HMK008,146,spp1,1998,Erythronium grandiflorum,141.8244,poll
HMK008,146,spp1,1999,Erythronium grandiflorum,149.7765,poll
HMK008,146,spp1,2000,Erythronium grandiflorum,141.3323,poll
HMK008,146,spp1,2001,Erythronium grandiflorum,139.786,poll
HMK008,146,spp1,2002,Erythronium grandiflorum,124.6497,poll
HMK008,146,spp1,2003,Erythronium grandiflorum,143.712,poll
HMK008,146,spp1,2004,Erythronium grandiflorum,135.2674,poll
HMK008,146,spp1,2005,Erythronium grandiflorum,145.1012,poll
HMK008,146,spp1,2006,Erythronium grandiflorum,134.6481,poll
HMK008,146,spp1,2008,Erythronium grandiflorum,155.1748,poll
HMK008,146,spp1,2009,Erythronium grandiflorum,136.2264,poll
HMK008,146,spp1,2010,Erythronium grandiflorum,138.0888,poll
HMK008,146,spp1,2011,Erythronium grandiflorum,155.3492,poll
HMK010,149,spp1,1997,Chlorochytrium spp.,105,mutualist
HMK010,149,spp1,1998,Chlorochytrium spp.,135,mutualist
HMK010,150,spp1,1997,Chlorochytrium spp.,105,mutualist
HMK010,150,spp1,1998,Chlorochytrium spp.,135,mutualist
HMK010,148,spp1,1997,Chlorochytrium spp.,105,mutualist
HMK010,148,spp1,1998,Chlorochytrium spp.,135,mutualist
HMK010,153,spp1,1997,Mastocarpus papillatus,227,mutualist
HMK010,153,spp1,1998,Mastocarpus papillatus,227,mutualist
HMK010,152,spp1,1997,Codiolum spp.,166,mutualist
HMK010,152,spp1,1998,Codiolum spp.,166,mutualist
HMK010,151,spp1,1997,Codiolum spp.,166,mutualist
HMK010,151,spp1,1998,Codiolum spp.,166,mutualist
HMK011,155,spp1,1996,Epirrita autumnata,180.4596,herbivory
HMK011,155,spp1,1997,Epirrita autumnata,192.649,herbivory
HMK011,155,spp1,1998,Epirrita autumnata,178.8317,herbivory
HMK011,155,spp1,1999,Epirrita autumnata,169.9526,herbivory
HMK011,155,spp1,2000,Epirrita autumnata,166.9974,herbivory
HMK011,155,spp1,2001,Epirrita autumnata,182.1512,herbivory
HMK011,155,spp1,2002,Epirrita autumnata,165.3688,herbivory
HMK011,155,spp1,2003,Epirrita autumnata,170.6461,herbivory
HMK011,155,spp1,2004,Epirrita autumnata,162.4261,herbivory
HMK011,155,spp1,2005,Epirrita autumnata,176.9202,herbivory
HMK011,155,spp1,2006,Epirrita autumnata,168.3689,herbivory
HMK011,155,spp1,2007,Epirrita autumnata,167.391,herbivory
HMK011,155,spp1,2008,Epirrita autumnata,172.6669,herbivory
HMK011,155,spp1,2009,Epirrita autumnata,170.7021,herbivory
HMK011,154,spp1,1996,Epirrita autumnata,180.4596,herbivory
HMK011,154,spp1,1997,Epirrita autumnata,192.649,herbivory
HMK011,154,spp1,1998,Epirrita autumnata,178.8317,herbivory
HMK011,154,spp1,1999,Epirrita autumnata,169.9526,herbivory
HMK011,154,spp1,2000,Epirrita autumnata,166.9974,herbivory
HMK011,154,spp1,2001,Epirrita autumnata,182.1512,herbivory
HMK011,154,spp1,2002,Epirrita autumnata,165.3688,herbivory
HMK011,154,spp1,2003,Epirrita autumnata,170.6461,herbivory
HMK011,154,spp1,2004,Epirrita autumnata,162.4261,herbivory
HMK011,154,spp1,2005,Epirrita autumnata,176.9202,herbivory
HMK011,154,spp1,2006,Epirrita autumnata,168.3689,herbivory
HMK011,154,spp1,2007,Epirrita autumnata,167.391,herbivory
HMK011,154,spp1,2008,Epirrita autumnata,172.6669,herbivory
HMK011,154,spp1,2009,Epirrita autumnata,170.7021,herbivory
HMK012,156,spp1,1999,Hamamelis virginiana,123,herbivory
HMK012,156,spp1,2000,Hamamelis virginiana,122,herbivory
HMK015,163,spp1,2002,Saissetia oleae,226,predation
HMK015,163,spp1,2003,Saissetia oleae,212,predation
HMK015,162,spp1,2002,Saissetia oleae,226,predation
HMK015,162,spp1,2003,Saissetia oleae,212,predation
HMK015,164,spp1,2002,Saissetia oleae,226,predation
HMK015,164,spp1,2003,Saissetia oleae,212,predation
HMK015,161,spp1,2002,Saissetia oleae,226,predation
HMK015,161,spp1,2003,Saissetia oleae,212,predation
HMK015,160,spp1,2002,Saissetia oleae,226,predation
HMK015,160,spp1,2003,Saissetia oleae,212,predation
HMK016,165,spp1,1993,Engraulis japonicus,165.259,predation
HMK016,165,spp1,1995,Engraulis japonicus,171.541,predation
HMK016,165,spp1,1996,Engraulis japonicus,180.839,predation
HMK016,165,spp1,1997,Engraulis japonicus,214.747,predation
HMK016,165,spp1,1998,Engraulis japonicus,136.361,predation
HMK016,165,spp1,1999,Engraulis japonicus,157.962,predation
HMK016,165,spp1,2000,Engraulis japonicus,162.641,predation
HMK016,165,spp1,2001,Engraulis japonicus,145.798,predation
HMK016,165,spp1,2002,Engraulis japonicus,110.476,predation
HMK016,165,spp1,2005,Engraulis japonicus,169.134,predation
HMK016,165,spp1,2006,Engraulis japonicus,175.361,predation
HMK018,169,spp1,1997,Pygoscelis antarcticus,329,competition
HMK018,169,spp1,1998,Pygoscelis antarcticus,325,competition
HMK018,169,spp1,1999,Pygoscelis antarcticus,324,competition
HMK018,169,spp1,2000,Pygoscelis antarcticus,325,competition
HMK018,169,spp1,2001,Pygoscelis antarcticus,324,competition
HMK018,169,spp1,2002,Pygoscelis antarcticus,329,competition
HMK018,169,spp1,2003,Pygoscelis antarcticus,326,competition
HMK018,169,spp1,2004,Pygoscelis antarcticus,329,competition
HMK018,169,spp1,2005,Pygoscelis antarcticus,323,competition
HMK018,169,spp1,2006,Pygoscelis antarcticus,321,competition
HMK018,168,spp1,1991,Pygoscelis adeliae,309,competition
HMK018,168,spp1,1992,Pygoscelis adeliae,307,competition
HMK018,168,spp1,1993,Pygoscelis adeliae,301,competition
HMK018,168,spp1,1994,Pygoscelis adeliae,311,competition
HMK018,168,spp1,1995,Pygoscelis adeliae,303,competition
HMK018,168,spp1,1996,Pygoscelis adeliae,303,competition
HMK018,168,spp1,1997,Pygoscelis adeliae,303,competition
HMK018,168,spp1,1998,Pygoscelis adeliae,303,competition
HMK018,168,spp1,1999,Pygoscelis adeliae,305,competition
HMK018,168,spp1,2000,Pygoscelis adeliae,304,competition
HMK018,168,spp1,2001,Pygoscelis adeliae,300,competition
HMK018,168,spp1,2002,Pygoscelis adeliae,308,competition
HMK018,168,spp1,2003,Pygoscelis adeliae,304,competition
HMK018,168,spp1,2004,Pygoscelis adeliae,302,competition
HMK018,168,spp1,2005,Pygoscelis adeliae,309.5,competition
HMK018,168,spp1,2006,Pygoscelis adeliae,310,competition
HMK018,168,spp1,2007,Pygoscelis adeliae,318,competition
HMK018,167,spp1,1991,Pygoscelis adeliae,309,competition
HMK018,167,spp1,1992,Pygoscelis adeliae,307,competition
HMK018,167,spp1,1993,Pygoscelis adeliae,301,competition
HMK018,167,spp1,1994,Pygoscelis adeliae,311,competition
HMK018,167,spp1,1995,Pygoscelis adeliae,303,competition
HMK018,167,spp1,1996,Pygoscelis adeliae,303,competition
HMK018,167,spp1,1997,Pygoscelis adeliae,303,competition
HMK018,167,spp1,1998,Pygoscelis adeliae,303,competition
HMK018,167,spp1,1999,Pygoscelis adeliae,305,competition
HMK018,167,spp1,2000,Pygoscelis adeliae,304,competition
HMK018,167,spp1,2001,Pygoscelis adeliae,300,competition
HMK018,167,spp1,2002,Pygoscelis adeliae,308,competition
HMK018,167,spp1,2003,Pygoscelis adeliae,304,competition
HMK018,167,spp1,2004,Pygoscelis adeliae,302,competition
HMK018,167,spp1,2005,Pygoscelis adeliae,309.5,competition
HMK018,167,spp1,2006,Pygoscelis adeliae,310,competition
HMK018,167,spp1,2007,Pygoscelis adeliae,318,competition
HMK019,170,spp1,1969,Daphnia spp.,160.305,predation
HMK019,170,spp1,1970,Daphnia spp.,153.324,predation
HMK019,170,spp1,1971,Daphnia spp.,124.8365,predation
HMK019,170,spp1,1972,Daphnia spp.,140.054,predation
HMK019,170,spp1,1973,Daphnia spp.,137.4605,predation
HMK019,170,spp1,1974,Daphnia spp.,134.959,predation
HMK019,170,spp1,1975,Daphnia spp.,131.047,predation
HMK019,170,spp1,1976,Daphnia spp.,142.5315,predation
HMK019,170,spp1,1977,Daphnia spp.,134.2885,predation
HMK019,170,spp1,1978,Daphnia spp.,147.44,predation
HMK019,170,spp1,1979,Daphnia spp.,141.25,predation
HMK019,170,spp1,1980,Daphnia spp.,125.4055,predation
HMK019,170,spp1,1981,Daphnia spp.,132.068,predation
HMK019,170,spp1,1982,Daphnia spp.,123.4645,predation
HMK019,170,spp1,1983,Daphnia spp.,149.2905,predation
HMK019,170,spp1,1984,Daphnia spp.,121.607,predation
HMK019,170,spp1,1986,Daphnia spp.,143.5115,predation
HMK019,170,spp1,1987,Daphnia spp.,129.6225,predation
HMK019,170,spp1,1988,Daphnia spp.,129.632,predation
HMK019,170,spp1,1989,Daphnia spp.,155.9275,predation
HMK019,170,spp1,1990,Daphnia spp.,123.2625,predation
HMK019,170,spp1,1991,Daphnia spp.,126.391,predation
HMK019,170,spp1,1992,Daphnia spp.,121.4005,predation
HMK019,170,spp1,1993,Daphnia spp.,123.8035,predation
HMK019,170,spp1,1994,Daphnia spp.,125.1545,predation
HMK019,170,spp1,1995,Daphnia spp.,131.477,predation
HMK019,170,spp1,1996,Daphnia spp.,139.5085,predation
HMK019,170,spp1,1997,Daphnia spp.,110.5725,predation
HMK019,170,spp1,1998,Daphnia spp.,136.25,predation
HMK019,170,spp1,1999,Daphnia spp.,133.19,predation
HMK019,170,spp1,2000,Daphnia spp.,121.22,predation
HMK019,170,spp1,2001,Daphnia spp.,132.4685,predation
HMK019,170,spp1,2002,Daphnia spp.,113.75,predation
HMK019,170,spp1,2003,Daphnia spp.,100.91875,predation
HMK019,170,spp1,2005,Daphnia spp.,107.881,predation
HMK019,170,spp1,2006,Daphnia spp.,123.75,predation
HMK019,170,spp1,2008,Daphnia spp.,119.17,predation
HMK020,172,spp1,2009,Quercus robur,106,herbivory
HMK020,172,spp1,2010,Quercus robur,110,herbivory
HMK020,172,spp1,2011,Quercus robur,93,herbivory
HMK020,171,spp1,2009,Quercus robur,106,herbivory
HMK020,171,spp1,2010,Quercus robur,110,herbivory
HMK020,171,spp1,2011,Quercus robur,93,herbivory
HMK021,173,spp1,1998,Dasineura mali,356,parasitism
HMK021,173,spp1,1999,Dasineura mali,347,parasitism
HMK023,175,spp1,1999,Bombus spp.,115.5,pollination
HMK023,175,spp1,2000,Bombus spp.,121,pollination
HMK023,175,spp1,2001,Bombus spp.,116,pollination
HMK023,175,spp1,2002,Bombus spp.,111,pollination
HMK023,175,spp1,2003,Bombus spp.,115,pollination
HMK023,175,spp1,2004,Bombus spp.,116,pollination
HMK023,175,spp1,2005,Bombus spp.,121,pollination
HMK023,175,spp1,2006,Bombus spp.,120.5,pollination
HMK023,175,spp1,2007,Bombus spp.,115,pollination
HMK023,175,spp1,2008,Bombus spp.,114,pollination
HMK023,175,spp1,2009,Bombus spp.,116.5,pollination
HMK023,175,spp1,2010,Bombus spp.,116,pollination
HMK023,175,spp1,2011,Bombus spp.,124.5,pollination
HMK023,175,spp1,2012,Bombus spp.,123,pollination
KJB003,181,spp1,2002,Quercus ilex,246,predation
KJB003,181,spp1,2003,Quercus ilex,228,predation
KJB003,181,spp1,2004,Quercus ilex,242,predation
SET005,182,spp1,1983,Ammodytes marinus,151.633,predation
SET005,182,spp1,1984,Ammodytes marinus,140.454,predation
SET005,182,spp1,1985,Ammodytes marinus,150.152,predation
SET005,182,spp1,1986,Ammodytes marinus,165.8,predation
SET005,182,spp1,1987,Ammodytes marinus,158.576,predation
SET005,182,spp1,1988,Ammodytes marinus,162.641,predation
SET005,182,spp1,1989,Ammodytes marinus,148.7,predation
SET005,182,spp1,1990,Ammodytes marinus,146.432,predation
SET005,182,spp1,1991,Ammodytes marinus,156.363,predation
SET005,182,spp1,1992,Ammodytes marinus,154.716,predation
SET005,182,spp1,1993,Ammodytes marinus,162.503,predation
SET005,182,spp1,1994,Ammodytes marinus,165.191,predation
SET005,182,spp1,1995,Ammodytes marinus,177.027,predation
SET005,182,spp1,1996,Ammodytes marinus,162.036,predation
SET005,182,spp1,1997,Ammodytes marinus,136.656,predation
SET005,182,spp1,1998,Ammodytes marinus,171.366,predation
SET005,182,spp1,1999,Ammodytes marinus,171.002,predation
SET005,182,spp1,2000,Ammodytes marinus,144.576,predation
SET005,182,spp1,2001,Ammodytes marinus,157.698,predation
SET005,182,spp1,2002,Ammodytes marinus,160.767,predation
SET005,182,spp1,2003,Ammodytes marinus,165.359,predation
SET005,182,spp1,2004,Ammodytes marinus,215.182,predation
SET005,182,spp1,2005,Ammodytes marinus,182.176,predation
SET005,182,spp1,2006,Ammodytes marinus,187.913,predation
SET005,183,spp1,1983,Ammodytes marinus,151.633,predation
SET005,183,spp1,1984,Ammodytes marinus,140.454,predation
SET005,183,spp1,1985,Ammodytes marinus,150.152,predation
SET005,183,spp1,1986,Ammodytes marinus,165.8,predation
SET005,183,spp1,1987,Ammodytes marinus,158.576,predation
SET005,183,spp1,1988,Ammodytes marinus,162.641,predation
SET005,183,spp1,1989,Ammodytes marinus,148.7,predation
SET005,183,spp1,1990,Ammodytes marinus,146.432,predation
SET005,183,spp1,1991,Ammodytes marinus,156.363,predation
SET005,183,spp1,1992,Ammodytes marinus,154.716,predation
SET005,183,spp1,1993,Ammodytes marinus,162.503,predation
SET005,183,spp1,1994,Ammodytes marinus,165.191,predation
SET005,183,spp1,1995,Ammodytes marinus,177.027,predation
SET005,183,spp1,1996,Ammodytes marinus,162.036,predation
SET005,183,spp1,1997,Ammodytes marinus,136.656,predation
SET005,183,spp1,1998,Ammodytes marinus,171.366,predation
SET005,183,spp1,1999,Ammodytes marinus,171.002,predation
SET005,183,spp1,2000,Ammodytes marinus,144.576,predation
SET005,183,spp1,2001,Ammodytes marinus,157.698,predation
SET005,183,spp1,2002,Ammodytes marinus,160.767,predation
SET005,183,spp1,2003,Ammodytes marinus,165.359,predation
SET005,183,spp1,2004,Ammodytes marinus,215.182,predation
SET005,183,spp1,2005,Ammodytes marinus,182.176,predation
SET005,183,spp1,2006,Ammodytes marinus,187.913,predation
SET005,184,spp1,1983,Ammodytes marinus,151.633,predation
SET005,184,spp1,1984,Ammodytes marinus,140.454,predation
SET005,184,spp1,1985,Ammodytes marinus,150.152,predation
SET005,184,spp1,1986,Ammodytes marinus,165.8,predation
SET005,184,spp1,1987,Ammodytes marinus,158.576,predation
SET005,184,spp1,1988,Ammodytes marinus,162.641,predation
SET005,184,spp1,1989,Ammodytes marinus,148.7,predation
SET005,184,spp1,1990,Ammodytes marinus,146.432,predation
SET005,184,spp1,1991,Ammodytes marinus,156.363,predation
SET005,184,spp1,1992,Ammodytes marinus,154.716,predation
SET005,184,spp1,1993,Ammodytes marinus,162.503,predation
SET005,184,spp1,1994,Ammodytes marinus,165.191,predation
SET005,184,spp1,1995,Ammodytes marinus,177.027,predation
SET005,184,spp1,1996,Ammodytes marinus,162.036,predation
SET005,184,spp1,1997,Ammodytes marinus,136.656,predation
SET005,184,spp1,1998,Ammodytes marinus,171.366,predation
SET005,184,spp1,1999,Ammodytes marinus,171.002,predation
SET005,184,spp1,2000,Ammodytes marinus,144.576,predation
SET005,184,spp1,2001,Ammodytes marinus,157.698,predation
SET005,184,spp1,2002,Ammodytes marinus,160.767,predation
SET005,184,spp1,2003,Ammodytes marinus,165.359,predation
SET005,184,spp1,2004,Ammodytes marinus,215.182,predation
SET005,184,spp1,2005,Ammodytes marinus,182.176,predation
SET005,184,spp1,2006,Ammodytes marinus,187.913,predation
SET005,185,spp1,1983,Ammodytes marinus,151.633,predation
SET005,185,spp1,1984,Ammodytes marinus,140.454,predation
SET005,185,spp1,1985,Ammodytes marinus,150.152,predation
SET005,185,spp1,1986,Ammodytes marinus,165.8,predation
SET005,185,spp1,1987,Ammodytes marinus,158.576,predation
SET005,185,spp1,1988,Ammodytes marinus,162.641,predation
SET005,185,spp1,1989,Ammodytes marinus,148.7,predation
SET005,185,spp1,1990,Ammodytes marinus,146.432,predation
SET005,185,spp1,1991,Ammodytes marinus,156.363,predation
SET005,185,spp1,1992,Ammodytes marinus,154.716,predation
SET005,185,spp1,1993,Ammodytes marinus,162.503,predation
SET005,185,spp1,1994,Ammodytes marinus,165.191,predation
SET005,185,spp1,1995,Ammodytes marinus,177.027,predation
SET005,185,spp1,1996,Ammodytes marinus,162.036,predation
SET005,185,spp1,1997,Ammodytes marinus,136.656,predation
SET005,185,spp1,1998,Ammodytes marinus,171.366,predation
SET005,185,spp1,1999,Ammodytes marinus,171.002,predation
SET005,185,spp1,2000,Ammodytes marinus,144.576,predation
SET005,185,spp1,2001,Ammodytes marinus,157.698,predation
SET005,185,spp1,2002,Ammodytes marinus,160.767,predation
SET005,185,spp1,2003,Ammodytes marinus,165.359,predation
SET005,185,spp1,2004,Ammodytes marinus,215.182,predation
SET005,185,spp1,2005,Ammodytes marinus,182.176,predation
SET005,185,spp1,2006,Ammodytes marinus,187.913,predation
SET005,186,spp1,1983,Ammodytes marinus,151.633,predation
SET005,186,spp1,1984,Ammodytes marinus,140.454,predation
SET005,186,spp1,1985,Ammodytes marinus,150.152,predation
SET005,186,spp1,1986,Ammodytes marinus,165.8,predation
SET005,186,spp1,1987,Ammodytes marinus,158.576,predation
SET005,186,spp1,1988,Ammodytes marinus,162.641,predation
SET005,186,spp1,1989,Ammodytes marinus,148.7,predation
SET005,186,spp1,1990,Ammodytes marinus,146.432,predation
SET005,186,spp1,1991,Ammodytes marinus,156.363,predation
SET005,186,spp1,1992,Ammodytes marinus,154.716,predation
SET005,186,spp1,1993,Ammodytes marinus,162.503,predation
SET005,186,spp1,1994,Ammodytes marinus,165.191,predation
SET005,186,spp1,1995,Ammodytes marinus,177.027,predation
SET005,186,spp1,1996,Ammodytes marinus,162.036,predation
SET005,186,spp1,1997,Ammodytes marinus,136.656,predation
SET005,186,spp1,1998,Ammodytes marinus,171.366,predation
SET005,186,spp1,1999,Ammodytes marinus,171.002,predation
SET005,186,spp1,2000,Ammodytes marinus,144.576,predation
SET005,186,spp1,2001,Ammodytes marinus,157.698,predation
SET005,186,spp1,2002,Ammodytes marinus,160.767,predation
SET005,186,spp1,2003,Ammodytes marinus,165.359,predation
SET005,186,spp1,2004,Ammodytes marinus,215.182,predation
SET005,186,spp1,2005,Ammodytes marinus,182.176,predation
SET005,186,spp1,2006,Ammodytes marinus,187.913,predation
EMW001,1,spp2,1950,Mnemiopsis leidyi,205.667,predation
EMW001,1,spp2,1951,Mnemiopsis leidyi,206.625,predation
EMW001,1,spp2,1971,Mnemiopsis leidyi,210.458,predation
EMW001,1,spp2,1972,Mnemiopsis leidyi,188.458,predation
EMW001,1,spp2,1973,Mnemiopsis leidyi,197.042,predation
EMW001,1,spp2,1974,Mnemiopsis leidyi,195.125,predation
EMW001,1,spp2,1975,Mnemiopsis leidyi,200.875,predation
EMW001,1,spp2,1976,Mnemiopsis leidyi,207.625,predation
EMW001,1,spp2,1978,Mnemiopsis leidyi,200.875,predation
EMW001,1,spp2,1983,Mnemiopsis leidyi,226.75,predation
EMW001,1,spp2,1985,Mnemiopsis leidyi,161.583,predation
EMW001,1,spp2,1986,Mnemiopsis leidyi,137.625,predation
EMW001,1,spp2,1999,Mnemiopsis leidyi,137.625,predation
EMW001,1,spp2,2002,Mnemiopsis leidyi,106.958,predation
EMW001,1,spp2,2004,Mnemiopsis leidyi,176,predation
HMK004,19,spp2,1982,Tortrix viridana,102.261,herbivory
HMK004,19,spp2,1983,Tortrix viridana,96.6617,herbivory
HMK004,19,spp2,1984,Tortrix viridana,105.007,herbivory
HMK004,19,spp2,1985,Tortrix viridana,109.914,herbivory
HMK004,19,spp2,1986,Tortrix viridana,96.7122,herbivory
HMK004,19,spp2,1987,Tortrix viridana,114.949,herbivory
HMK004,19,spp2,1988,Tortrix viridana,101.514,herbivory
HMK006,36,spp2,1996,Platysoma cylindrica,139,predation
HMK006,36,spp2,1997,Platysoma cylindrica,154,predation
HMK006,25,spp2,1996,Platysoma cylindrica,139,predation
HMK006,25,spp2,1997,Platysoma cylindrica,154,predation
HMK006,51,spp2,1996,Platysoma cylindrica,139,predation
HMK006,51,spp2,1997,Platysoma cylindrica,154,predation
HMK006,55,spp2,1996,Platysoma cylindrica,139,predation
HMK006,55,spp2,1997,Platysoma cylindrica,154,predation
HMK006,61,spp2,1996,Platysoma cylindrica,139,predation
HMK006,61,spp2,1997,Platysoma cylindrica,154,predation
HMK006,66,spp2,1996,Platysoma cylindrica,139,predation
HMK006,66,spp2,1997,Platysoma cylindrica,154,predation
HMK006,41,spp2,1996,Platysoma cylindrica,139,predation
HMK006,41,spp2,1997,Platysoma cylindrica,154,predation
HMK006,30,spp2,1996,Platysoma cylindrica,139,predation
HMK006,30,spp2,1997,Platysoma cylindrica,154,predation
HMK006,80,spp2,1996,Platysoma cylindrica,139,predation
HMK006,80,spp2,1997,Platysoma cylindrica,154,predation
HMK006,71,spp2,1996,Platysoma cylindrica,139,predation
HMK006,71,spp2,1997,Platysoma cylindrica,154,predation
HMK006,86,spp2,1996,Platysoma cylindrica,139,predation
HMK006,86,spp2,1997,Platysoma cylindrica,154,predation
HMK006,22,spp2,1996,Corticeus parallelus,103,predation
HMK006,22,spp2,1997,Corticeus parallelus,154,predation
HMK006,49,spp2,1996,Corticeus parallelus,103,predation
HMK006,49,spp2,1997,Corticeus parallelus,154,predation
HMK006,42,spp2,1996,Corticeus parallelus,103,predation
HMK006,42,spp2,1997,Corticeus parallelus,154,predation
HMK006,52,spp2,1996,Corticeus parallelus,103,predation
HMK006,52,spp2,1997,Corticeus parallelus,154,predation
HMK006,63,spp2,1996,Corticeus parallelus,103,predation
HMK006,63,spp2,1997,Corticeus parallelus,154,predation
HMK006,65,spp2,1996,Corticeus parallelus,103,predation
HMK006,65,spp2,1997,Corticeus parallelus,154,predation
HMK006,28,spp2,1996,Corticeus parallelus,103,predation
HMK006,28,spp2,1997,Corticeus parallelus,154,predation
HMK006,37,spp2,1996,Corticeus parallelus,103,predation
HMK006,37,spp2,1997,Corticeus parallelus,154,predation
HMK006,85,spp2,1996,Corticeus parallelus,103,predation
HMK006,85,spp2,1997,Corticeus parallelus,154,predation
HMK006,70,spp2,1996,Corticeus parallelus,103,predation
HMK006,70,spp2,1997,Corticeus parallelus,154,predation
HMK006,77,spp2,1996,Corticeus parallelus,103,predation
HMK006,77,spp2,1997,Corticeus parallelus,154,predation
HMK006,23,spp2,1996,Enoclerus nigripes,171.5,predation
HMK006,23,spp2,1997,Enoclerus nigripes,224.5,predation
HMK006,48,spp2,1996,Enoclerus nigripes,171.5,predation
HMK006,48,spp2,1997,Enoclerus nigripes,224.5,predation
HMK006,43,spp2,1996,Enoclerus nigripes,171.5,predation
HMK006,43,spp2,1997,Enoclerus nigripes,224.5,predation
HMK006,29,spp2,1996,Enoclerus nigripes,171.5,predation
HMK006,29,spp2,1997,Enoclerus nigripes,224.5,predation
HMK006,38,spp2,1996,Enoclerus nigripes,171.5,predation
HMK006,38,spp2,1997,Enoclerus nigripes,224.5,predation
HMK006,84,spp2,1996,Enoclerus nigripes,171.5,predation
HMK006,84,spp2,1997,Enoclerus nigripes,224.5,predation
HMK006,54,spp2,1996,Enoclerus nigripes,171.5,predation
HMK006,54,spp2,1997,Enoclerus nigripes,224.5,predation
HMK006,58,spp2,1996,Enoclerus nigripes,171.5,predation
HMK006,58,spp2,1997,Enoclerus nigripes,224.5,predation
HMK006,68,spp2,1996,Enoclerus nigripes,171.5,predation
HMK006,68,spp2,1997,Enoclerus nigripes,224.5,predation
HMK006,73,spp2,1996,Enoclerus nigripes,171.5,predation
HMK006,73,spp2,1997,Enoclerus nigripes,224.5,predation
HMK006,79,spp2,1996,Enoclerus nigripes,171.5,predation
HMK006,79,spp2,1997,Enoclerus nigripes,224.5,predation
HMK006,40,spp2,1996,Cucujus clavipes,103,predation
HMK006,40,spp2,1997,Cucujus clavipes,164,predation
HMK006,35,spp2,1996,Cucujus clavipes,103,predation
HMK006,35,spp2,1997,Cucujus clavipes,164,predation
HMK006,53,spp2,1996,Cucujus clavipes,103,predation
HMK006,53,spp2,1997,Cucujus clavipes,164,predation
HMK006,50,spp2,1996,Cucujus clavipes,103,predation
HMK006,50,spp2,1997,Cucujus clavipes,164,predation
HMK006,62,spp2,1996,Cucujus clavipes,103,predation
HMK006,62,spp2,1997,Cucujus clavipes,164,predation
HMK006,64,spp2,1996,Cucujus clavipes,103,predation
HMK006,64,spp2,1997,Cucujus clavipes,164,predation
HMK006,33,spp2,1996,Cucujus clavipes,103,predation
HMK006,33,spp2,1997,Cucujus clavipes,164,predation
HMK006,75,spp2,1996,Cucujus clavipes,103,predation
HMK006,75,spp2,1997,Cucujus clavipes,164,predation
HMK006,83,spp2,1996,Cucujus clavipes,103,predation
HMK006,83,spp2,1997,Cucujus clavipes,164,predation
HMK006,27,spp2,1996,Cucujus clavipes,103,predation
HMK006,27,spp2,1997,Cucujus clavipes,164,predation
HMK006,78,spp2,1996,Cucujus clavipes,103,predation
HMK006,78,spp2,1997,Cucujus clavipes,164,predation
HMK006,24,spp2,1996,Thanasimus dubius,137,predation
HMK006,24,spp2,1997,Thanasimus dubius,133,predation
HMK006,44,spp2,1996,Thanasimus dubius,137,predation
HMK006,44,spp2,1997,Thanasimus dubius,133,predation
HMK006,32,spp2,1996,Thanasimus dubius,137,predation
HMK006,32,spp2,1997,Thanasimus dubius,133,predation
HMK006,39,spp2,1996,Thanasimus dubius,137,predation
HMK006,39,spp2,1997,Thanasimus dubius,133,predation
HMK006,81,spp2,1996,Thanasimus dubius,137,predation
HMK006,81,spp2,1997,Thanasimus dubius,133,predation
HMK006,46,spp2,1996,Thanasimus dubius,137,predation
HMK006,46,spp2,1997,Thanasimus dubius,133,predation
HMK006,87,spp2,1996,Thanasimus dubius,137,predation
HMK006,87,spp2,1997,Thanasimus dubius,133,predation
HMK006,57,spp2,1996,Thanasimus dubius,137,predation
HMK006,57,spp2,1997,Thanasimus dubius,133,predation
HMK006,60,spp2,1996,Thanasimus dubius,137,predation
HMK006,60,spp2,1997,Thanasimus dubius,133,predation
HMK006,72,spp2,1996,Thanasimus dubius,137,predation
HMK006,72,spp2,1997,Thanasimus dubius,133,predation
HMK006,67,spp2,1996,Thanasimus dubius,137,predation
HMK006,67,spp2,1997,Thanasimus dubius,133,predation
HMK006,26,spp2,1996,Platysoma parallelum,138,predation
HMK006,26,spp2,1997,Platysoma parallelum,156,predation
HMK006,45,spp2,1996,Platysoma parallelum,138,predation
HMK006,45,spp2,1997,Platysoma parallelum,156,predation
HMK006,47,spp2,1996,Platysoma parallelum,138,predation
HMK006,47,spp2,1997,Platysoma parallelum,156,predation
HMK006,31,spp2,1996,Platysoma parallelum,138,predation
HMK006,31,spp2,1997,Platysoma parallelum,156,predation
HMK006,34,spp2,1996,Platysoma parallelum,138,predation
HMK006,34,spp2,1997,Platysoma parallelum,156,predation
HMK006,76,spp2,1996,Platysoma parallelum,138,predation
HMK006,76,spp2,1997,Platysoma parallelum,156,predation
HMK006,82,spp2,1996,Platysoma parallelum,138,predation
HMK006,82,spp2,1997,Platysoma parallelum,156,predation
HMK006,56,spp2,1996,Platysoma parallelum,138,predation
HMK006,56,spp2,1997,Platysoma parallelum,156,predation
HMK006,59,spp2,1996,Platysoma parallelum,138,predation
HMK006,59,spp2,1997,Platysoma parallelum,156,predation
HMK006,69,spp2,1996,Platysoma parallelum,138,predation
HMK006,69,spp2,1997,Platysoma parallelum,156,predation
HMK006,74,spp2,1996,Platysoma parallelum,138,predation
HMK006,74,spp2,1997,Platysoma parallelum,156,predation
HMK006,88,spp2,1996,Dryocetes autographus,140,competition
HMK006,88,spp2,1997,Dryocetes autographus,156,competition
HMK006,89,spp2,1996,Gnathotrichus materiarius,132,competition
HMK006,89,spp2,1997,Gnathotrichus materiarius,143,competition
HMK006,98,spp2,1996,Gnathotrichus materiarius,132,competition
HMK006,98,spp2,1997,Gnathotrichus materiarius,143,competition
HMK006,90,spp2,1996,Hylastes porculus,141,competition
HMK006,90,spp2,1997,Hylastes porculus,155.5,competition
HMK006,99,spp2,1996,Hylastes porculus,141,competition
HMK006,99,spp2,1997,Hylastes porculus,155.5,competition
HMK006,107,spp2,1996,Hylastes porculus,141,competition
HMK006,107,spp2,1997,Hylastes porculus,155.5,competition
HMK006,91,spp2,1996,Hylurgops rugipennis pinifex,139,competition
HMK006,91,spp2,1997,Hylurgops rugipennis pinifex,127,competition
HMK006,115,spp2,1996,Hylurgops rugipennis pinifex,139,competition
HMK006,115,spp2,1997,Hylurgops rugipennis pinifex,127,competition
HMK006,100,spp2,1996,Hylurgops rugipennis pinifex,139,competition
HMK006,100,spp2,1997,Hylurgops rugipennis pinifex,127,competition
HMK006,108,spp2,1996,Hylurgops rugipennis pinifex,139,competition
HMK006,108,spp2,1997,Hylurgops rugipennis pinifex,127,competition
HMK006,92,spp2,1996,Ips grandicollis,139,competition
HMK006,92,spp2,1997,Ips grandicollis,149,competition
HMK006,101,spp2,1996,Ips grandicollis,139,competition
HMK006,101,spp2,1997,Ips grandicollis,149,competition
HMK006,116,spp2,1996,Ips grandicollis,139,competition
HMK006,116,spp2,1997,Ips grandicollis,149,competition
HMK006,122,spp2,1996,Ips grandicollis,139,competition
HMK006,122,spp2,1997,Ips grandicollis,149,competition
HMK006,109,spp2,1996,Ips grandicollis,139,competition
HMK006,109,spp2,1997,Ips grandicollis,149,competition
HMK006,93,spp2,1996,Ips pini,134,competition
HMK006,93,spp2,1997,Ips pini,127,competition
HMK006,102,spp2,1996,Ips pini,134,competition
HMK006,102,spp2,1997,Ips pini,127,competition
HMK006,123,spp2,1996,Ips pini,134,competition
HMK006,123,spp2,1997,Ips pini,127,competition
HMK006,128,spp2,1996,Ips pini,134,competition
HMK006,128,spp2,1997,Ips pini,127,competition
HMK006,117,spp2,1996,Ips pini,134,competition
HMK006,117,spp2,1997,Ips pini,127,competition
HMK006,110,spp2,1996,Ips pini,134,competition
HMK006,110,spp2,1997,Ips pini,127,competition
HMK006,95,spp2,1996,Orthotomicus caelatus,139,competition
HMK006,95,spp2,1997,Orthotomicus caelatus,154,competition
HMK006,104,spp2,1996,Orthotomicus caelatus,139,competition
HMK006,104,spp2,1997,Orthotomicus caelatus,154,competition
HMK006,125,spp2,1996,Orthotomicus caelatus,139,competition
HMK006,125,spp2,1997,Orthotomicus caelatus,154,competition
HMK006,130,spp2,1996,Orthotomicus caelatus,139,competition
HMK006,130,spp2,1997,Orthotomicus caelatus,154,competition
HMK006,119,spp2,1996,Orthotomicus caelatus,139,competition
HMK006,119,spp2,1997,Orthotomicus caelatus,154,competition
HMK006,112,spp2,1996,Orthotomicus caelatus,139,competition
HMK006,112,spp2,1997,Orthotomicus caelatus,154,competition
HMK006,137,spp2,1996,Orthotomicus caelatus,139,competition
HMK006,137,spp2,1997,Orthotomicus caelatus,154,competition
HMK006,134,spp2,1996,Orthotomicus caelatus,139,competition
HMK006,134,spp2,1997,Orthotomicus caelatus,154,competition
HMK006,103,spp2,1996,Monochamus spp.,186.5,competition
HMK006,103,spp2,1997,Monochamus spp.,176.5,competition
HMK006,124,spp2,1996,Monochamus spp.,186.5,competition
HMK006,124,spp2,1997,Monochamus spp.,176.5,competition
HMK006,129,spp2,1996,Monochamus spp.,186.5,competition
HMK006,129,spp2,1997,Monochamus spp.,176.5,competition
HMK006,133,spp2,1996,Monochamus spp.,186.5,competition
HMK006,133,spp2,1997,Monochamus spp.,176.5,competition
HMK006,94,spp2,1996,Monochamus spp.,186.5,competition
HMK006,94,spp2,1997,Monochamus spp.,176.5,competition
HMK006,118,spp2,1996,Monochamus spp.,186.5,competition
HMK006,118,spp2,1997,Monochamus spp.,176.5,competition
HMK006,111,spp2,1996,Monochamus spp.,186.5,competition
HMK006,111,spp2,1997,Monochamus spp.,176.5,competition
HMK006,105,spp2,1996,Pissodes approximatus,118.5,competition
HMK006,105,spp2,1997,Pissodes approximatus,94,competition
HMK006,120,spp2,1996,Pissodes approximatus,118.5,competition
HMK006,120,spp2,1997,Pissodes approximatus,94,competition
HMK006,131,spp2,1996,Pissodes approximatus,118.5,competition
HMK006,131,spp2,1997,Pissodes approximatus,94,competition
HMK006,135,spp2,1996,Pissodes approximatus,118.5,competition
HMK006,135,spp2,1997,Pissodes approximatus,94,competition
HMK006,96,spp2,1996,Pissodes approximatus,118.5,competition
HMK006,96,spp2,1997,Pissodes approximatus,94,competition
HMK006,113,spp2,1996,Pissodes approximatus,118.5,competition
HMK006,113,spp2,1997,Pissodes approximatus,94,competition
HMK006,140,spp2,1996,Pissodes approximatus,118.5,competition
HMK006,140,spp2,1997,Pissodes approximatus,94,competition
HMK006,126,spp2,1996,Pissodes approximatus,118.5,competition
HMK006,126,spp2,1997,Pissodes approximatus,94,competition
HMK006,138,spp2,1996,Pissodes approximatus,118.5,competition
HMK006,138,spp2,1997,Pissodes approximatus,94,competition
HMK006,106,spp2,1996,Tomicus piniperda,88.5,competition
HMK006,106,spp2,1997,Tomicus piniperda,80.5,competition
HMK006,121,spp2,1996,Tomicus piniperda,88.5,competition
HMK006,121,spp2,1997,Tomicus piniperda,80.5,competition
HMK006,127,spp2,1996,Tomicus piniperda,88.5,competition
HMK006,127,spp2,1997,Tomicus piniperda,80.5,competition
HMK006,132,spp2,1996,Tomicus piniperda,88.5,competition
HMK006,132,spp2,1997,Tomicus piniperda,80.5,competition
HMK006,97,spp2,1996,Tomicus piniperda,88.5,competition
HMK006,97,spp2,1997,Tomicus piniperda,80.5,competition
HMK006,141,spp2,1996,Tomicus piniperda,88.5,competition
HMK006,141,spp2,1997,Tomicus piniperda,80.5,competition
HMK006,142,spp2,1996,Tomicus piniperda,88.5,competition
HMK006,142,spp2,1997,Tomicus piniperda,80.5,competition
HMK006,136,spp2,1996,Tomicus piniperda,88.5,competition
HMK006,136,spp2,1997,Tomicus piniperda,80.5,competition
HMK006,114,spp2,1996,Tomicus piniperda,88.5,competition
HMK006,114,spp2,1997,Tomicus piniperda,80.5,competition
HMK006,139,spp2,1996,Tomicus piniperda,88.5,competition
HMK006,139,spp2,1997,Tomicus piniperda,80.5,competition
HMK007,143,spp2,1983,Saxifraga tricuspidata,151,competition
HMK007,143,spp2,1985,Saxifraga tricuspidata,154,competition
HMK007,143,spp2,1986,Saxifraga tricuspidata,153,competition
HMK008,144,spp2,1975,Selasphorus platycercus,135.0237,poll
HMK008,144,spp2,1976,Selasphorus platycercus,138.4943,poll
HMK008,144,spp2,1978,Selasphorus platycercus,133.9942,poll
HMK008,144,spp2,1979,Selasphorus platycercus,136.4563,poll
HMK008,144,spp2,1980,Selasphorus platycercus,138.321,poll
HMK008,144,spp2,1981,Selasphorus platycercus,133.4288,poll
HMK008,144,spp2,1982,Selasphorus platycercus,135.0248,poll
HMK008,144,spp2,1983,Selasphorus platycercus,147.6623,poll
HMK008,144,spp2,1984,Selasphorus platycercus,77.5384,poll
HMK008,144,spp2,1984,Selasphorus platycercus,133.5947,poll
HMK008,144,spp2,1985,Selasphorus platycercus,141.6883,poll
HMK008,144,spp2,1985,Selasphorus platycercus,82.06802,poll
HMK008,144,spp2,1986,Selasphorus platycercus,94.0669,poll
HMK008,144,spp2,1986,Selasphorus platycercus,140.7407,poll
HMK008,144,spp2,1987,Selasphorus platycercus,104.1018,poll
HMK008,144,spp2,1988,Selasphorus platycercus,139.0111,poll
HMK008,144,spp2,1988,Selasphorus platycercus,135.5615,poll
HMK008,144,spp2,1989,Selasphorus platycercus,121.7085,poll
HMK008,144,spp2,1989,Selasphorus platycercus,127.1896,poll
HMK008,144,spp2,1990,Selasphorus platycercus,75.62156,poll
HMK008,144,spp2,1990,Selasphorus platycercus,123.1631,poll
HMK008,144,spp2,1991,Selasphorus platycercus,133.2575,poll
HMK008,144,spp2,1991,Selasphorus platycercus,103.4451,poll
HMK008,144,spp2,1992,Selasphorus platycercus,101.8329,poll
HMK008,144,spp2,1992,Selasphorus platycercus,132.5773,poll
HMK008,144,spp2,1993,Selasphorus platycercus,113.5057,poll
HMK008,144,spp2,1993,Selasphorus platycercus,137.4566,poll
HMK008,144,spp2,1994,Selasphorus platycercus,110.4106,poll
HMK008,144,spp2,1994,Selasphorus platycercus,130.0839,poll
HMK008,144,spp2,1995,Selasphorus platycercus,112.2242,poll
HMK008,144,spp2,1995,Selasphorus platycercus,133.6174,poll
HMK008,144,spp2,1996,Selasphorus platycercus,131.0961,poll
HMK008,144,spp2,1996,Selasphorus platycercus,147.1273,poll
HMK008,144,spp2,1997,Selasphorus platycercus,95.7339,poll
HMK008,144,spp2,1997,Selasphorus platycercus,132.464,poll
HMK008,144,spp2,1998,Selasphorus platycercus,138.7463,poll
HMK008,144,spp2,1998,Selasphorus platycercus,129.4315,poll
HMK008,144,spp2,1999,Selasphorus platycercus,125.7193,poll
HMK008,144,spp2,1999,Selasphorus platycercus,142.5471,poll
HMK008,144,spp2,2000,Selasphorus platycercus,107.125,poll
HMK008,144,spp2,2000,Selasphorus platycercus,125.4019,poll
HMK008,144,spp2,2001,Selasphorus platycercus,128.0064,poll
HMK008,144,spp2,2001,Selasphorus platycercus,62.4637,poll
HMK008,144,spp2,2002,Selasphorus platycercus,125.7198,poll
HMK008,144,spp2,2003,Selasphorus platycercus,130.4599,poll
HMK008,144,spp2,2003,Selasphorus platycercus,122.0984,poll
HMK008,144,spp2,2004,Selasphorus platycercus,124.6918,poll
HMK008,144,spp2,2005,Selasphorus platycercus,129.1695,poll
HMK008,144,spp2,2006,Selasphorus platycercus,136.6099,poll
HMK008,144,spp2,2006,Selasphorus platycercus,137.0587,poll
HMK008,144,spp2,2007,Selasphorus platycercus,129.7502,poll
HMK008,144,spp2,2007,Selasphorus platycercus,93.8142,poll
HMK008,144,spp2,2008,Selasphorus platycercus,113.8995,poll
HMK008,144,spp2,2008,Selasphorus platycercus,131.3453,poll
HMK008,144,spp2,2009,Selasphorus platycercus,84.46734,poll
HMK008,144,spp2,2009,Selasphorus platycercus,129.9323,poll
HMK008,144,spp2,2010,Selasphorus platycercus,104.6873,poll
HMK008,144,spp2,2010,Selasphorus platycercus,134.7425,poll
HMK008,144,spp2,2011,Selasphorus platycercus,140.2216,poll
HMK008,145,spp2,1975,Selasphorus platycercus,135.0237,poll
HMK008,145,spp2,1976,Selasphorus platycercus,138.4943,poll
HMK008,145,spp2,1978,Selasphorus platycercus,133.9942,poll
HMK008,145,spp2,1979,Selasphorus platycercus,136.4563,poll
HMK008,145,spp2,1980,Selasphorus platycercus,138.321,poll
HMK008,145,spp2,1981,Selasphorus platycercus,133.4288,poll
HMK008,145,spp2,1982,Selasphorus platycercus,135.0248,poll
HMK008,145,spp2,1983,Selasphorus platycercus,147.6623,poll
HMK008,145,spp2,1984,Selasphorus platycercus,77.5384,poll
HMK008,145,spp2,1984,Selasphorus platycercus,133.5947,poll
HMK008,145,spp2,1985,Selasphorus platycercus,141.6883,poll
HMK008,145,spp2,1985,Selasphorus platycercus,82.06802,poll
HMK008,145,spp2,1986,Selasphorus platycercus,94.0669,poll
HMK008,145,spp2,1986,Selasphorus platycercus,140.7407,poll
HMK008,145,spp2,1987,Selasphorus platycercus,104.1018,poll
HMK008,145,spp2,1988,Selasphorus platycercus,139.0111,poll
HMK008,145,spp2,1988,Selasphorus platycercus,135.5615,poll
HMK008,145,spp2,1989,Selasphorus platycercus,121.7085,poll
HMK008,145,spp2,1989,Selasphorus platycercus,127.1896,poll
HMK008,145,spp2,1990,Selasphorus platycercus,75.62156,poll
HMK008,145,spp2,1990,Selasphorus platycercus,123.1631,poll
HMK008,145,spp2,1991,Selasphorus platycercus,133.2575,poll
HMK008,145,spp2,1991,Selasphorus platycercus,103.4451,poll
HMK008,145,spp2,1992,Selasphorus platycercus,101.8329,poll
HMK008,145,spp2,1992,Selasphorus platycercus,132.5773,poll
HMK008,145,spp2,1993,Selasphorus platycercus,113.5057,poll
HMK008,145,spp2,1993,Selasphorus platycercus,137.4566,poll
HMK008,145,spp2,1994,Selasphorus platycercus,110.4106,poll
HMK008,145,spp2,1994,Selasphorus platycercus,130.0839,poll
HMK008,145,spp2,1995,Selasphorus platycercus,112.2242,poll
HMK008,145,spp2,1995,Selasphorus platycercus,133.6174,poll
HMK008,145,spp2,1996,Selasphorus platycercus,131.0961,poll
HMK008,145,spp2,1996,Selasphorus platycercus,147.1273,poll
HMK008,145,spp2,1997,Selasphorus platycercus,95.7339,poll
HMK008,145,spp2,1997,Selasphorus platycercus,132.464,poll
HMK008,145,spp2,1998,Selasphorus platycercus,138.7463,poll
HMK008,145,spp2,1998,Selasphorus platycercus,129.4315,poll
HMK008,145,spp2,1999,Selasphorus platycercus,125.7193,poll
HMK008,145,spp2,1999,Selasphorus platycercus,142.5471,poll
HMK008,145,spp2,2000,Selasphorus platycercus,107.125,poll
HMK008,145,spp2,2000,Selasphorus platycercus,125.4019,poll
HMK008,145,spp2,2001,Selasphorus platycercus,128.0064,poll
HMK008,145,spp2,2001,Selasphorus platycercus,62.4637,poll
HMK008,145,spp2,2002,Selasphorus platycercus,125.7198,poll
HMK008,145,spp2,2003,Selasphorus platycercus,130.4599,poll
HMK008,145,spp2,2003,Selasphorus platycercus,122.0984,poll
HMK008,145,spp2,2004,Selasphorus platycercus,124.6918,poll
HMK008,145,spp2,2005,Selasphorus platycercus,129.1695,poll
HMK008,145,spp2,2006,Selasphorus platycercus,136.6099,poll
HMK008,145,spp2,2006,Selasphorus platycercus,137.0587,poll
HMK008,145,spp2,2007,Selasphorus platycercus,129.7502,poll
HMK008,145,spp2,2007,Selasphorus platycercus,93.8142,poll
HMK008,145,spp2,2008,Selasphorus platycercus,113.8995,poll
HMK008,145,spp2,2008,Selasphorus platycercus,131.3453,poll
HMK008,145,spp2,2009,Selasphorus platycercus,84.46734,poll
HMK008,145,spp2,2009,Selasphorus platycercus,129.9323,poll
HMK008,145,spp2,2010,Selasphorus platycercus,104.6873,poll
HMK008,145,spp2,2010,Selasphorus platycercus,134.7425,poll
HMK008,145,spp2,2011,Selasphorus platycercus,140.2216,poll
HMK008,146,spp2,1975,Selasphorus platycercus,135.0237,poll
HMK008,146,spp2,1976,Selasphorus platycercus,138.4943,poll
HMK008,146,spp2,1978,Selasphorus platycercus,133.9942,poll
HMK008,146,spp2,1979,Selasphorus platycercus,136.4563,poll
HMK008,146,spp2,1980,Selasphorus platycercus,138.321,poll
HMK008,146,spp2,1981,Selasphorus platycercus,133.4288,poll
HMK008,146,spp2,1982,Selasphorus platycercus,135.0248,poll
HMK008,146,spp2,1983,Selasphorus platycercus,147.6623,poll
HMK008,146,spp2,1984,Selasphorus platycercus,77.5384,poll
HMK008,146,spp2,1984,Selasphorus platycercus,133.5947,poll
HMK008,146,spp2,1985,Selasphorus platycercus,141.6883,poll
HMK008,146,spp2,1985,Selasphorus platycercus,82.06802,poll
HMK008,146,spp2,1986,Selasphorus platycercus,94.0669,poll
HMK008,146,spp2,1986,Selasphorus platycercus,140.7407,poll
HMK008,146,spp2,1987,Selasphorus platycercus,104.1018,poll
HMK008,146,spp2,1988,Selasphorus platycercus,139.0111,poll
HMK008,146,spp2,1988,Selasphorus platycercus,135.5615,poll
HMK008,146,spp2,1989,Selasphorus platycercus,121.7085,poll
HMK008,146,spp2,1989,Selasphorus platycercus,127.1896,poll
HMK008,146,spp2,1990,Selasphorus platycercus,75.62156,poll
HMK008,146,spp2,1990,Selasphorus platycercus,123.1631,poll
HMK008,146,spp2,1991,Selasphorus platycercus,133.2575,poll
HMK008,146,spp2,1991,Selasphorus platycercus,103.4451,poll
HMK008,146,spp2,1992,Selasphorus platycercus,101.8329,poll
HMK008,146,spp2,1992,Selasphorus platycercus,132.5773,poll
HMK008,146,spp2,1993,Selasphorus platycercus,113.5057,poll
HMK008,146,spp2,1993,Selasphorus platycercus,137.4566,poll
HMK008,146,spp2,1994,Selasphorus platycercus,110.4106,poll
HMK008,146,spp2,1994,Selasphorus platycercus,130.0839,poll
HMK008,146,spp2,1995,Selasphorus platycercus,112.2242,poll
HMK008,146,spp2,1995,Selasphorus platycercus,133.6174,poll
HMK008,146,spp2,1996,Selasphorus platycercus,131.0961,poll
HMK008,146,spp2,1996,Selasphorus platycercus,147.1273,poll
HMK008,146,spp2,1997,Selasphorus platycercus,95.7339,poll
HMK008,146,spp2,1997,Selasphorus platycercus,132.464,poll
HMK008,146,spp2,1998,Selasphorus platycercus,138.7463,poll
HMK008,146,spp2,1998,Selasphorus platycercus,129.4315,poll
HMK008,146,spp2,1999,Selasphorus platycercus,125.7193,poll
HMK008,146,spp2,1999,Selasphorus platycercus,142.5471,poll
HMK008,146,spp2,2000,Selasphorus platycercus,107.125,poll
HMK008,146,spp2,2000,Selasphorus platycercus,125.4019,poll
HMK008,146,spp2,2001,Selasphorus platycercus,128.0064,poll
HMK008,146,spp2,2001,Selasphorus platycercus,62.4637,poll
HMK008,146,spp2,2002,Selasphorus platycercus,125.7198,poll
HMK008,146,spp2,2003,Selasphorus platycercus,130.4599,poll
HMK008,146,spp2,2003,Selasphorus platycercus,122.0984,poll
HMK008,146,spp2,2004,Selasphorus platycercus,124.6918,poll
HMK008,146,spp2,2005,Selasphorus platycercus,129.1695,poll
HMK008,146,spp2,2006,Selasphorus platycercus,136.6099,poll
HMK008,146,spp2,2006,Selasphorus platycercus,137.0587,poll
HMK008,146,spp2,2007,Selasphorus platycercus,129.7502,poll
HMK008,146,spp2,2007,Selasphorus platycercus,93.8142,poll
HMK008,146,spp2,2008,Selasphorus platycercus,113.8995,poll
HMK008,146,spp2,2008,Selasphorus platycercus,131.3453,poll
HMK008,146,spp2,2009,Selasphorus platycercus,84.46734,poll
HMK008,146,spp2,2009,Selasphorus platycercus,129.9323,poll
HMK008,146,spp2,2010,Selasphorus platycercus,104.6873,poll
HMK008,146,spp2,2010,Selasphorus platycercus,134.7425,poll
HMK008,146,spp2,2011,Selasphorus platycercus,140.2216,poll
HMK010,149,spp2,1997,Mastocarpus papillatus,227,mutualist
HMK010,149,spp2,1998,Mastocarpus papillatus,227,mutualist
HMK010,151,spp2,1997,Mastocarpus papillatus,227,mutualist
HMK010,151,spp2,1998,Mastocarpus papillatus,227,mutualist
HMK010,153,spp2,1997,Mazzaella splendens,135,mutualist
HMK010,153,spp2,1998,Mazzaella splendens,135,mutualist
HMK010,152,spp2,1997,Mazzaella splendens,135,mutualist
HMK010,152,spp2,1998,Mazzaella splendens,135,mutualist
HMK010,150,spp2,1997,Mazzaella splendens,135,mutualist
HMK010,150,spp2,1998,Mazzaella splendens,135,mutualist
HMK010,148,spp2,1997,Codiolum spp.,166,mutualist
HMK010,148,spp2,1998,Codiolum spp.,166,mutualist
HMK011,155,spp2,1975,Poecile montanus,132.8617,herbivory
HMK011,155,spp2,1976,Poecile montanus,137.4798,herbivory
HMK011,155,spp2,1977,Poecile montanus,139.7928,herbivory
HMK011,155,spp2,1978,Poecile montanus,140.7895,herbivory
HMK011,155,spp2,1979,Poecile montanus,135.861,herbivory
HMK011,155,spp2,1980,Poecile montanus,131.2604,herbivory
HMK011,155,spp2,1981,Poecile montanus,137.5253,herbivory
HMK011,155,spp2,1982,Poecile montanus,136.8767,herbivory
HMK011,155,spp2,1983,Poecile montanus,130.9592,herbivory
HMK011,155,spp2,1984,Poecile montanus,129.3208,herbivory
HMK011,155,spp2,1985,Poecile montanus,137.8903,herbivory
HMK011,155,spp2,1986,Poecile montanus,131.3157,herbivory
HMK011,155,spp2,1987,Poecile montanus,135.2748,herbivory
HMK011,155,spp2,1988,Poecile montanus,138.906,herbivory
HMK011,155,spp2,1989,Poecile montanus,125.4171,herbivory
HMK011,155,spp2,1990,Poecile montanus,128.3899,herbivory
HMK011,155,spp2,1991,Poecile montanus,137.6164,herbivory
HMK011,155,spp2,1992,Poecile montanus,138.6125,herbivory
HMK011,155,spp2,1993,Poecile montanus,131.3802,herbivory
HMK011,155,spp2,1994,Poecile montanus,133.6945,herbivory
HMK011,155,spp2,1995,Poecile montanus,139.3003,herbivory
HMK011,155,spp2,1996,Poecile montanus,130.7477,herbivory
HMK011,155,spp2,1997,Poecile montanus,139.6457,herbivory
HMK011,155,spp2,1998,Poecile montanus,135.3756,herbivory
HMK011,155,spp2,1999,Poecile montanus,130.4458,herbivory
HMK011,155,spp2,2000,Poecile montanus,132.758,herbivory
HMK011,155,spp2,2001,Poecile montanus,133.1005,herbivory
HMK011,155,spp2,2002,Poecile montanus,127.8414,herbivory
HMK011,155,spp2,2003,Poecile montanus,136.0817,herbivory
HMK011,155,spp2,2004,Poecile montanus,129.8321,herbivory
HMK011,155,spp2,2005,Poecile montanus,131.4894,herbivory
HMK011,155,spp2,2006,Poecile montanus,129.8518,herbivory
HMK011,155,spp2,2007,Poecile montanus,131.5084,herbivory
HMK011,155,spp2,2008,Poecile montanus,130.859,herbivory
HMK011,155,spp2,2009,Poecile montanus,133.5005,herbivory
HMK011,154,spp2,1975,Poecile montanus,132.8617,herbivory
HMK011,154,spp2,1976,Poecile montanus,137.4798,herbivory
HMK011,154,spp2,1977,Poecile montanus,139.7928,herbivory
HMK011,154,spp2,1978,Poecile montanus,140.7895,herbivory
HMK011,154,spp2,1979,Poecile montanus,135.861,herbivory
HMK011,154,spp2,1980,Poecile montanus,131.2604,herbivory
HMK011,154,spp2,1981,Poecile montanus,137.5253,herbivory
HMK011,154,spp2,1982,Poecile montanus,136.8767,herbivory
HMK011,154,spp2,1983,Poecile montanus,130.9592,herbivory
HMK011,154,spp2,1984,Poecile montanus,129.3208,herbivory
HMK011,154,spp2,1985,Poecile montanus,137.8903,herbivory
HMK011,154,spp2,1986,Poecile montanus,131.3157,herbivory
HMK011,154,spp2,1987,Poecile montanus,135.2748,herbivory
HMK011,154,spp2,1988,Poecile montanus,138.906,herbivory
HMK011,154,spp2,1989,Poecile montanus,125.4171,herbivory
HMK011,154,spp2,1990,Poecile montanus,128.3899,herbivory
HMK011,154,spp2,1991,Poecile montanus,137.6164,herbivory
HMK011,154,spp2,1992,Poecile montanus,138.6125,herbivory
HMK011,154,spp2,1993,Poecile montanus,131.3802,herbivory
HMK011,154,spp2,1994,Poecile montanus,133.6945,herbivory
HMK011,154,spp2,1995,Poecile montanus,139.3003,herbivory
HMK011,154,spp2,1996,Poecile montanus,130.7477,herbivory
HMK011,154,spp2,1997,Poecile montanus,139.6457,herbivory
HMK011,154,spp2,1998,Poecile montanus,135.3756,herbivory
HMK011,154,spp2,1999,Poecile montanus,130.4458,herbivory
HMK011,154,spp2,2000,Poecile montanus,132.758,herbivory
HMK011,154,spp2,2001,Poecile montanus,133.1005,herbivory
HMK011,154,spp2,2002,Poecile montanus,127.8414,herbivory
HMK011,154,spp2,2003,Poecile montanus,136.0817,herbivory
HMK011,154,spp2,2004,Poecile montanus,129.8321,herbivory
HMK011,154,spp2,2005,Poecile montanus,131.4894,herbivory
HMK011,154,spp2,2006,Poecile montanus,129.8518,herbivory
HMK011,154,spp2,2007,Poecile montanus,131.5084,herbivory
HMK011,154,spp2,2008,Poecile montanus,130.859,herbivory
HMK011,154,spp2,2009,Poecile montanus,133.5005,herbivory
HMK012,156,spp2,1997,Hormaphis hamamelidis,129.916,herbivory
HMK012,156,spp2,1998,Hormaphis hamamelidis,109.948,herbivory
HMK012,156,spp2,1999,Hormaphis hamamelidis,123.876,herbivory
HMK012,156,spp2,2000,Hormaphis hamamelidis,123.944,herbivory
HMK015,163,spp2,2002,Scymnus mediterraneus,247,predation
HMK015,163,spp2,2003,Scymnus mediterraneus,261,predation
HMK015,162,spp2,2002,Scymnus interruptus,247,predation
HMK015,162,spp2,2003,Scymnus interruptus,184,predation
HMK015,164,spp2,2002,Scymnus subvillosus,262,predation
HMK015,164,spp2,2003,Scymnus subvillosus,261,predation
HMK015,161,spp2,2002,Rhyzobius chrysomeloides,247,predation
HMK015,161,spp2,2003,Rhyzobius chrysomeloides,184,predation
HMK015,160,spp2,2002,Chilocorus bipustulatus,262,predation
HMK015,160,spp2,2003,Chilocorus bipustulatus,297,predation
HMK016,165,spp2,1992,Cerorhinca monocerata,142.307,predation
HMK016,165,spp2,1993,Cerorhinca monocerata,143.258,predation
HMK016,165,spp2,1994,Cerorhinca monocerata,146.082,predation
HMK016,165,spp2,1995,Cerorhinca monocerata,139.568,predation
HMK016,165,spp2,1996,Cerorhinca monocerata,147.521,predation
HMK016,165,spp2,1997,Cerorhinca monocerata,153.142,predation
HMK016,165,spp2,1998,Cerorhinca monocerata,145.695,predation
HMK016,165,spp2,1999,Cerorhinca monocerata,155.515,predation
HMK016,165,spp2,2000,Cerorhinca monocerata,149.935,predation
HMK016,165,spp2,2001,Cerorhinca monocerata,156.489,predation
HMK016,165,spp2,2002,Cerorhinca monocerata,136.909,predation
HMK016,165,spp2,2003,Cerorhinca monocerata,146.73,predation
HMK016,165,spp2,2004,Cerorhinca monocerata,157.018,predation
HMK016,165,spp2,2005,Cerorhinca monocerata,149.105,predation
HMK016,165,spp2,2006,Cerorhinca monocerata,153.321,predation
HMK018,169,spp2,1991,Pygoscelis papua,320,competition
HMK018,169,spp2,1992,Pygoscelis papua,316,competition
HMK018,169,spp2,1993,Pygoscelis papua,308,competition
HMK018,169,spp2,1994,Pygoscelis papua,321,competition
HMK018,169,spp2,1995,Pygoscelis papua,304,competition
HMK018,169,spp2,1996,Pygoscelis papua,309,competition
HMK018,169,spp2,1997,Pygoscelis papua,308,competition
HMK018,169,spp2,1998,Pygoscelis papua,316,competition
HMK018,169,spp2,1999,Pygoscelis papua,314.5,competition
HMK018,169,spp2,2000,Pygoscelis papua,314.5,competition
HMK018,169,spp2,2001,Pygoscelis papua,306,competition
HMK018,169,spp2,2002,Pygoscelis papua,323.5,competition
HMK018,169,spp2,2003,Pygoscelis papua,317.5,competition
HMK018,169,spp2,2004,Pygoscelis papua,316,competition
HMK018,169,spp2,2005,Pygoscelis papua,313.5,competition
HMK018,169,spp2,2006,Pygoscelis papua,308,competition
HMK018,169,spp2,2007,Pygoscelis papua,324,competition
HMK018,168,spp2,1991,Pygoscelis papua,320,competition
HMK018,168,spp2,1992,Pygoscelis papua,316,competition
HMK018,168,spp2,1993,Pygoscelis papua,308,competition
HMK018,168,spp2,1994,Pygoscelis papua,321,competition
HMK018,168,spp2,1995,Pygoscelis papua,304,competition
HMK018,168,spp2,1996,Pygoscelis papua,309,competition
HMK018,168,spp2,1997,Pygoscelis papua,308,competition
HMK018,168,spp2,1998,Pygoscelis papua,316,competition
HMK018,168,spp2,1999,Pygoscelis papua,314.5,competition
HMK018,168,spp2,2000,Pygoscelis papua,314.5,competition
HMK018,168,spp2,2001,Pygoscelis papua,306,competition
HMK018,168,spp2,2002,Pygoscelis papua,323.5,competition
HMK018,168,spp2,2003,Pygoscelis papua,317.5,competition
HMK018,168,spp2,2004,Pygoscelis papua,316,competition
HMK018,168,spp2,2005,Pygoscelis papua,313.5,competition
HMK018,168,spp2,2006,Pygoscelis papua,308,competition
HMK018,168,spp2,2007,Pygoscelis papua,324,competition
HMK018,167,spp2,1997,Pygoscelis antarcticus,329,competition
HMK018,167,spp2,1998,Pygoscelis antarcticus,325,competition
HMK018,167,spp2,1999,Pygoscelis antarcticus,324,competition
HMK018,167,spp2,2000,Pygoscelis antarcticus,325,competition
HMK018,167,spp2,2001,Pygoscelis antarcticus,324,competition
HMK018,167,spp2,2002,Pygoscelis antarcticus,329,competition
HMK018,167,spp2,2003,Pygoscelis antarcticus,326,competition
HMK018,167,spp2,2004,Pygoscelis antarcticus,329,competition
HMK018,167,spp2,2005,Pygoscelis antarcticus,323,competition
HMK018,167,spp2,2006,Pygoscelis antarcticus,321,competition
HMK019,170,spp2,1969,Perca fluviatillis,146.943,predation
HMK019,170,spp2,1970,Perca fluviatillis,142.4035,predation
HMK019,170,spp2,1971,Perca fluviatillis,139.977,predation
HMK019,170,spp2,1972,Perca fluviatillis,143.5655,predation
HMK019,170,spp2,1973,Perca fluviatillis,142.2105,predation
HMK019,170,spp2,1974,Perca fluviatillis,138.198,predation
HMK019,170,spp2,1975,Perca fluviatillis,140.177,predation
HMK019,170,spp2,1976,Perca fluviatillis,142.6785,predation
HMK019,170,spp2,1977,Perca fluviatillis,148.327,predation
HMK019,170,spp2,1978,Perca fluviatillis,145.719,predation
HMK019,170,spp2,1979,Perca fluviatillis,143.0605,predation
HMK019,170,spp2,1980,Perca fluviatillis,132.825,predation
HMK019,170,spp2,1981,Perca fluviatillis,141.7125,predation
HMK019,170,spp2,1982,Perca fluviatillis,131.427,predation
HMK019,170,spp2,1983,Perca fluviatillis,137.11,predation
HMK019,170,spp2,1984,Perca fluviatillis,130.015,predation
HMK019,170,spp2,1985,Perca fluviatillis,137.6395,predation
HMK019,170,spp2,1986,Perca fluviatillis,139.4585,predation
HMK019,170,spp2,1987,Perca fluviatillis,129.187,predation
HMK019,170,spp2,1989,Perca fluviatillis,133.715,predation
HMK019,170,spp2,1990,Perca fluviatillis,129.6245,predation
HMK019,170,spp2,1991,Perca fluviatillis,134.485,predation
HMK019,170,spp2,1992,Perca fluviatillis,131.457,predation
HMK019,170,spp2,1993,Perca fluviatillis,127.515,predation
HMK019,170,spp2,1994,Perca fluviatillis,129.112,predation
HMK019,170,spp2,1995,Perca fluviatillis,128.683,predation
HMK019,170,spp2,1996,Perca fluviatillis,140.108,predation
HMK019,170,spp2,1997,Perca fluviatillis,129.181,predation
HMK019,170,spp2,1998,Perca fluviatillis,128.187,predation
HMK019,170,spp2,1999,Perca fluviatillis,125.8805,predation
HMK019,170,spp2,2000,Perca fluviatillis,126.424,predation
HMK019,170,spp2,2001,Perca fluviatillis,135.3075,predation
HMK019,170,spp2,2002,Perca fluviatillis,124.3945,predation
HMK019,170,spp2,2003,Perca fluviatillis,130.897,predation
HMK019,170,spp2,2004,Perca fluviatillis,121.54,predation
HMK019,170,spp2,2005,Perca fluviatillis,126.7665,predation
HMK019,170,spp2,2006,Perca fluviatillis,130.5205,predation
HMK019,170,spp2,2007,Perca fluviatillis,120.131,predation
HMK019,170,spp2,2008,Perca fluviatillis,126.487,predation
HMK020,172,spp2,2009,Thaumetopoea processionea,96,herbivory
HMK020,172,spp2,2010,Thaumetopoea processionea,97,herbivory
HMK020,172,spp2,2011,Thaumetopoea processionea,88,herbivory
HMK020,171,spp2,2009,Thaumetopoea processionea,96,herbivory
HMK020,171,spp2,2010,Thaumetopoea processionea,97,herbivory
HMK020,171,spp2,2011,Thaumetopoea processionea,88,herbivory
HMK021,173,spp2,1998,Platygaster demades,346,parasitism
HMK021,173,spp2,1999,Platygaster demades,339,parasitism
HMK023,175,spp2,1999,Corydalis ambigua,113,pollination
HMK023,175,spp2,2000,Corydalis ambigua,121,pollination
HMK023,175,spp2,2001,Corydalis ambigua,116,pollination
HMK023,175,spp2,2002,Corydalis ambigua,104,pollination
HMK023,175,spp2,2003,Corydalis ambigua,111,pollination
HMK023,175,spp2,2004,Corydalis ambigua,111,pollination
HMK023,175,spp2,2005,Corydalis ambigua,118,pollination
HMK023,175,spp2,2006,Corydalis ambigua,117,pollination
HMK023,175,spp2,2007,Corydalis ambigua,115,pollination
HMK023,175,spp2,2008,Corydalis ambigua,109,pollination
HMK023,175,spp2,2009,Corydalis ambigua,117,pollination
HMK023,175,spp2,2010,Corydalis ambigua,125,pollination
HMK023,175,spp2,2011,Corydalis ambigua,124.5,pollination
HMK023,175,spp2,2012,Corydalis ambigua,122,pollination
KJB003,181,spp2,2002,Curculio elephas,286,predation
KJB003,181,spp2,2003,Curculio elephas,256,predation
KJB003,181,spp2,2004,Curculio elephas,265,predation
SET005,182,spp2,1983,Fratercula arctica,169.187,predation
SET005,182,spp2,1984,Fratercula arctica,169.5907,predation
SET005,182,spp2,1985,Fratercula arctica,167.706,predation
SET005,182,spp2,1986,Fratercula arctica,172.7784,predation
SET005,182,spp2,1987,Fratercula arctica,170.0868,predation
SET005,182,spp2,1988,Fratercula arctica,176.6698,predation
SET005,182,spp2,1989,Fratercula arctica,169.2755,predation
SET005,182,spp2,1990,Fratercula arctica,172.5471,predation
SET005,182,spp2,1991,Fratercula arctica,164.8522,predation
SET005,182,spp2,1992,Fratercula arctica,169.2484,predation
SET005,182,spp2,1993,Fratercula arctica,170.9922,predation
SET005,182,spp2,1994,Fratercula arctica,168.1406,predation
SET005,182,spp2,1995,Fratercula arctica,175.4443,predation
SET005,182,spp2,1996,Fratercula arctica,179.0864,predation
SET005,182,spp2,1997,Fratercula arctica,163.7783,predation
SET005,182,spp2,1998,Fratercula arctica,179.8552,predation
SET005,182,spp2,1999,Fratercula arctica,168.4121,predation
SET005,182,spp2,2000,Fratercula arctica,166.1587,predation
SET005,182,spp2,2001,Fratercula arctica,172.734,predation
SET005,182,spp2,2002,Fratercula arctica,172.7814,predation
SET005,182,spp2,2003,Fratercula arctica,170.8266,predation
SET005,182,spp2,2004,Fratercula arctica,171.8007,predation
SET005,182,spp2,2005,Fratercula arctica,186.1328,predation
SET005,182,spp2,2006,Fratercula arctica,180.2871,predation
SET005,183,spp2,1983,Rissa tridactyla,188.3236,predation
SET005,183,spp2,1984,Rissa tridactyla,186.209,predation
SET005,183,spp2,1985,Rissa tridactyla,194.397,predation
SET005,183,spp2,1986,Rissa tridactyla,188.8935,predation
SET005,183,spp2,1987,Rissa tridactyla,183.1803,predation
SET005,183,spp2,1988,Rissa tridactyla,186.2381,predation
SET005,183,spp2,1989,Rissa tridactyla,177.8367,predation
SET005,183,spp2,1990,Rissa tridactyla,181.6119,predation
SET005,183,spp2,1991,Rissa tridactyla,184.9961,predation
SET005,183,spp2,1992,Rissa tridactyla,180.8311,predation
SET005,183,spp2,1993,Rissa tridactyla,183.0785,predation
SET005,183,spp2,1994,Rissa tridactyla,197.3493,predation
SET005,183,spp2,1995,Rissa tridactyla,195.5882,predation
SET005,183,spp2,1996,Rissa tridactyla,205.273,predation
SET005,183,spp2,1997,Rissa tridactyla,189.462,predation
SET005,183,spp2,1998,Rissa tridactyla,192.9487,predation
SET005,183,spp2,1999,Rissa tridactyla,195.6063,predation
SET005,183,spp2,2000,Rissa tridactyla,185.295,predation
SET005,183,spp2,2001,Rissa tridactyla,196.403,predation
SET005,183,spp2,2002,Rissa tridactyla,189.4001,predation
SET005,183,spp2,2003,Rissa tridactyla,188.9561,predation
SET005,183,spp2,2004,Rissa tridactyla,204.0309,predation
SET005,183,spp2,2005,Rissa tridactyla,211.3127,predation
SET005,183,spp2,2006,Rissa tridactyla,206.4742,predation
SET005,184,spp2,1983,Alca torda,176.5561,predation
SET005,184,spp2,1984,Alca torda,175.8386,predation
SET005,184,spp2,1985,Alca torda,173.5366,predation
SET005,184,spp2,1986,Alca torda,178.1077,predation
SET005,184,spp2,1987,Alca torda,173.6529,predation
SET005,184,spp2,1988,Alca torda,172.4872,predation
SET005,184,spp2,1989,Alca torda,169.0077,predation
SET005,184,spp2,1990,Alca torda,173.5089,predation
SET005,184,spp2,1991,Alca torda,172.0553,predation
SET005,184,spp2,1992,Alca torda,169.7929,predation
SET005,184,spp2,1993,Alca torda,172.3492,predation
SET005,184,spp2,1994,Alca torda,177.191,predation
SET005,184,spp2,1995,Alca torda,177.3347,predation
SET005,184,spp2,1996,Alca torda,184.1898,predation
SET005,184,spp2,1997,Alca torda,168.656,predation
SET005,184,spp2,1998,Alca torda,179.9814,predation
SET005,184,spp2,1999,Alca torda,177.1558,predation
SET005,184,spp2,2000,Alca torda,175.6529,predation
SET005,184,spp2,2001,Alca torda,176.4672,predation
SET005,184,spp2,2002,Alca torda,172.767,predation
SET005,184,spp2,2003,Alca torda,171.5128,predation
SET005,184,spp2,2004,Alca torda,181.9512,predation
SET005,184,spp2,2005,Alca torda,181.2529,predation
SET005,184,spp2,2006,Alca torda,179.6053,predation
SET005,185,spp2,1983,Phalacrocorax aristotelis,167.6403,predation
SET005,185,spp2,1984,Phalacrocorax aristotelis,185.146,predation
SET005,185,spp2,1985,Phalacrocorax aristotelis,211.44,predation
SET005,185,spp2,1986,Phalacrocorax aristotelis,198.3641,predation
SET005,185,spp2,1987,Phalacrocorax aristotelis,173.4949,predation
SET005,185,spp2,1988,Phalacrocorax aristotelis,201.2084,predation
SET005,185,spp2,1989,Phalacrocorax aristotelis,184.2241,predation
SET005,185,spp2,1990,Phalacrocorax aristotelis,198.553,predation
SET005,185,spp2,1991,Phalacrocorax aristotelis,194.867,predation
SET005,185,spp2,1992,Phalacrocorax aristotelis,178.0927,predation
SET005,185,spp2,1993,Phalacrocorax aristotelis,230.175,predation
SET005,185,spp2,1994,Phalacrocorax aristotelis,199.6049,predation
SET005,185,spp2,1995,Phalacrocorax aristotelis,156.5325,predation
SET005,185,spp2,1996,Phalacrocorax aristotelis,176.7685,predation
SET005,185,spp2,1997,Phalacrocorax aristotelis,156.4065,predation
SET005,185,spp2,1998,Phalacrocorax aristotelis,186.0628,predation
SET005,185,spp2,1999,Phalacrocorax aristotelis,197.2594,predation
SET005,185,spp2,2000,Phalacrocorax aristotelis,183.4031,predation
SET005,185,spp2,2001,Phalacrocorax aristotelis,178.8799,predation
SET005,185,spp2,2002,Phalacrocorax aristotelis,175.3825,predation
SET005,185,spp2,2003,Phalacrocorax aristotelis,157.2935,predation
SET005,185,spp2,2004,Phalacrocorax aristotelis,185.9462,predation
SET005,185,spp2,2005,Phalacrocorax aristotelis,201.7639,predation
SET005,185,spp2,2006,Phalacrocorax aristotelis,185.829,predation
SET005,186,spp2,1983,Uria aalge,182.9503,predation
SET005,186,spp2,1984,Uria aalge,169.5155,predation
SET005,186,spp2,1985,Uria aalge,178.0308,predation
SET005,186,spp2,1986,Uria aalge,189.9808,predation
SET005,186,spp2,1987,Uria aalge,177.1568,predation
SET005,186,spp2,1988,Uria aalge,180.8006,predation
SET005,186,spp2,1989,Uria aalge,166.2404,predation
SET005,186,spp2,1990,Uria aalge,163.7301,predation
SET005,186,spp2,1991,Uria aalge,171.2611,predation
SET005,186,spp2,1992,Uria aalge,167.3352,predation
SET005,186,spp2,1993,Uria aalge,175.2203,predation
SET005,186,spp2,1994,Uria aalge,177.391,predation
SET005,186,spp2,1995,Uria aalge,188.2847,predation
SET005,186,spp2,1996,Uria aalge,173.4533,predation
SET005,186,spp2,1997,Uria aalge,144.7964,predation
SET005,186,spp2,1998,Uria aalge,177.9679,predation
SET005,186,spp2,1999,Uria aalge,177.7385,predation
SET005,186,spp2,2000,Uria aalge,149.9125,predation
SET005,186,spp2,2001,Uria aalge,161.6365,predation
SET005,186,spp2,2002,Uria aalge,164.1247,predation
SET005,186,spp2,2003,Uria aalge,164.3359,predation
SET005,186,spp2,2004,Uria aalge,207.4608,predation
SET005,186,spp2,2005,Uria aalge,173.6741,predation
SET005,186,spp2,2006,Uria aalge,151.8707,predation